Age,Attrition,BusinessTravel,Department,DistanceFromHome,EmployeeNumber,Gender,JobLevel,JobRole,JobSatisfaction,MaritalStatus,MonthlyIncome,OverTime,PercentSalaryHike,StockOptionLevel,TotalWorkingYears,WorkLifeBalance,YearsAtCompany,YearsInCurrentRole,YearsSinceLastPromotion
41,Yes,Travel_Rarely,Sales,1,1,Female,2,Sales Executive,4,Single,5993,Yes,11,0,8,1,6,4,0
49,No,Travel_Frequently,Research & Development,8,2,Male,2,Research Scientist,2,Married,5130,No,23,1,10,3,10,7,1
37,Yes,Travel_Rarely,Research & Development,2,4,Male,1,Laboratory Technician,3,Single,2090,Yes,15,0,7,3,0,0,0
33,No,Travel_Frequently,Research & Development,3,5,Female,1,Research Scientist,3,Married,2909,Yes,11,0,8,3,8,7,3
27,No,Travel_Rarely,Research & Development,2,7,Male,1,Laboratory Technician,2,Married,3468,No,12,1,6,3,2,2,2
32,No,Travel_Frequently,Research & Development,2,8,Male,1,Laboratory Technician,4,Single,3068,No,13,0,8,2,7,7,3
59,No,Travel_Rarely,Research & Development,3,10,Female,1,Laboratory Technician,1,Married,2670,Yes,20,3,12,2,1,0,0
30,No,Travel_Rarely,Research & Development,24,11,Male,1,Laboratory Technician,3,Divorced,2693,No,22,1,1,3,1,0,0
38,No,Travel_Frequently,Research & Development,23,12,Male,3,Manufacturing Director,3,Single,9526,No,21,0,10,3,9,7,1
36,No,Travel_Rarely,Research & Development,27,13,Male,2,Healthcare Representative,3,Married,5237,No,13,2,17,2,7,7,7
35,No,Travel_Rarely,Research & Development,16,14,Male,1,Laboratory Technician,2,Married,2426,No,13,1,6,3,5,4,0
29,No,Travel_Rarely,Research & Development,15,15,Female,2,Laboratory Technician,3,Single,4193,Yes,12,0,10,3,9,5,0
31,No,Travel_Rarely,Research & Development,26,16,Male,1,Research Scientist,3,Divorced,2911,No,17,1,5,2,5,2,4
34,No,Travel_Rarely,Research & Development,19,18,Male,1,Laboratory Technician,4,Divorced,2661,No,11,1,3,3,2,2,1
28,Yes,Travel_Rarely,Research & Development,24,19,Male,1,Laboratory Technician,3,Single,2028,Yes,14,0,6,3,4,2,0
29,No,Travel_Rarely,Research & Development,21,20,Female,3,Manufacturing Director,1,Divorced,9980,No,11,1,10,3,10,9,8
32,No,Travel_Rarely,Research & Development,5,21,Male,1,Research Scientist,2,Divorced,3298,Yes,12,2,7,2,6,2,0
22,No,Non-Travel,Research & Development,16,22,Male,1,Laboratory Technician,4,Divorced,2935,Yes,13,2,1,2,1,0,0
53,No,Travel_Rarely,Sales,2,23,Female,4,Manager,4,Married,15427,No,16,0,31,3,25,8,3
38,No,Travel_Rarely,Research & Development,2,24,Male,1,Research Scientist,4,Single,3944,Yes,11,0,6,3,3,2,1
24,No,Non-Travel,Research & Development,11,26,Female,2,Manufacturing Director,3,Divorced,4011,No,18,1,5,2,4,2,1
36,Yes,Travel_Rarely,Sales,9,27,Male,1,Sales Representative,1,Single,3407,No,23,0,10,3,5,3,0
34,No,Travel_Rarely,Research & Development,7,28,Female,3,Research Director,2,Single,11994,No,11,0,13,3,12,6,2
21,No,Travel_Rarely,Research & Development,15,30,Male,1,Research Scientist,4,Single,1232,No,14,0,0,3,0,0,0
34,Yes,Travel_Rarely,Research & Development,6,31,Male,1,Research Scientist,1,Single,2960,No,11,0,8,3,4,2,1
53,No,Travel_Rarely,Research & Development,5,32,Female,5,Manager,3,Divorced,19094,No,11,1,26,2,14,13,4
32,Yes,Travel_Frequently,Research & Development,16,33,Female,1,Research Scientist,1,Single,3919,Yes,22,0,10,3,10,2,6
42,No,Travel_Rarely,Sales,8,35,Male,2,Sales Executive,2,Married,6825,No,11,1,10,3,9,7,4
44,No,Travel_Rarely,Research & Development,7,36,Female,3,Healthcare Representative,4,Married,10248,No,14,1,24,3,22,6,5
46,No,Travel_Rarely,Sales,2,38,Female,5,Manager,1,Single,18947,No,12,0,22,2,2,2,2
33,No,Travel_Rarely,Research & Development,2,39,Male,1,Laboratory Technician,4,Single,2496,No,11,0,7,3,1,1,0
44,No,Travel_Rarely,Research & Development,10,40,Male,2,Healthcare Representative,4,Married,6465,Yes,13,0,9,4,4,2,1
30,No,Travel_Rarely,Research & Development,9,41,Male,1,Laboratory Technician,3,Single,2206,No,13,0,10,3,10,0,1
39,Yes,Travel_Rarely,Sales,5,42,Male,2,Sales Representative,4,Married,2086,No,14,1,19,4,1,0,0
24,Yes,Travel_Rarely,Research & Development,1,45,Male,1,Research Scientist,4,Married,2293,Yes,16,1,6,2,2,0,2
43,No,Travel_Rarely,Research & Development,2,46,Female,1,Research Scientist,3,Divorced,2645,No,12,2,6,2,5,3,1
50,Yes,Travel_Rarely,Sales,3,47,Male,1,Sales Representative,3,Married,2683,Yes,14,0,3,3,3,2,0
35,No,Travel_Rarely,Sales,2,49,Female,1,Sales Representative,4,Married,2014,No,13,0,2,3,2,2,2
36,No,Travel_Rarely,Research & Development,5,51,Female,1,Research Scientist,1,Married,3419,Yes,14,1,6,4,1,1,0
33,No,Travel_Frequently,Sales,1,52,Female,2,Sales Executive,1,Married,5376,No,19,2,10,3,5,3,1
35,No,Travel_Rarely,Research & Development,4,53,Male,1,Laboratory Technician,4,Divorced,1951,No,12,1,1,3,1,0,0
27,No,Travel_Rarely,Research & Development,2,54,Female,1,Laboratory Technician,1,Divorced,2341,No,13,1,1,3,1,0,0
26,Yes,Travel_Rarely,Research & Development,25,55,Male,1,Laboratory Technician,3,Single,2293,No,12,0,1,2,1,0,0
27,No,Travel_Frequently,Sales,8,56,Male,3,Sales Executive,3,Single,8726,No,15,0,9,3,9,8,1
30,No,Travel_Frequently,Research & Development,1,57,Female,2,Laboratory Technician,4,Single,4011,No,23,0,12,3,12,8,3
41,Yes,Travel_Rarely,Research & Development,12,58,Female,5,Research Director,3,Married,19545,No,12,0,23,3,22,15,15
34,No,Non-Travel,Sales,23,60,Male,2,Sales Executive,3,Single,4568,No,20,0,10,3,9,5,8
37,No,Travel_Rarely,Research & Development,19,61,Male,1,Research Scientist,2,Married,3022,No,21,0,8,3,1,0,0
46,No,Travel_Frequently,Sales,5,62,Male,2,Sales Executive,4,Single,5772,Yes,21,0,14,3,9,6,0
35,No,Travel_Rarely,Research & Development,8,63,Male,1,Laboratory Technician,4,Married,2269,No,19,0,1,3,1,0,0
48,Yes,Travel_Rarely,Research & Development,1,64,Male,3,Laboratory Technician,3,Single,5381,Yes,13,0,23,3,1,0,0
28,Yes,Travel_Rarely,Research & Development,5,65,Male,1,Laboratory Technician,3,Single,3441,Yes,13,0,2,2,2,2,2
44,No,Travel_Rarely,Sales,1,68,Female,2,Sales Executive,1,Divorced,5454,Yes,21,1,9,2,4,3,1
35,No,Non-Travel,Research & Development,11,70,Male,3,Healthcare Representative,1,Married,9884,Yes,13,1,10,3,4,0,2
26,No,Travel_Rarely,Sales,23,72,Female,2,Sales Executive,4,Married,4157,Yes,19,1,5,2,2,2,0
33,No,Travel_Frequently,Research & Development,1,73,Female,3,Research Director,4,Single,13458,Yes,12,0,15,3,15,14,8
35,No,Travel_Frequently,Sales,18,74,Male,3,Sales Executive,1,Married,9069,No,22,1,9,2,9,8,1
35,No,Travel_Rarely,Research & Development,23,75,Female,1,Laboratory Technician,1,Married,4014,Yes,15,1,4,3,2,2,2
31,No,Travel_Rarely,Research & Development,7,76,Male,2,Laboratory Technician,4,Divorced,5915,No,22,1,10,2,7,7,1
37,No,Travel_Rarely,Research & Development,1,77,Male,2,Manufacturing Director,3,Divorced,5993,No,18,1,7,4,7,5,0
32,No,Travel_Rarely,Research & Development,1,78,Male,2,Manufacturing Director,4,Married,6162,Yes,22,1,9,3,9,8,7
38,No,Travel_Frequently,Research & Development,29,79,Female,2,Laboratory Technician,4,Single,2406,No,11,0,10,3,10,3,9
50,No,Travel_Rarely,Research & Development,7,80,Female,5,Research Director,3,Divorced,18740,Yes,12,1,29,2,27,3,13
59,No,Travel_Rarely,Sales,25,81,Female,3,Sales Executive,1,Single,7637,No,11,0,28,2,21,16,7
36,No,Travel_Rarely,Research & Development,8,83,Female,3,Healthcare Representative,3,Divorced,10096,No,13,3,17,3,17,14,12
55,No,Travel_Rarely,Research & Development,8,84,Female,4,Manager,3,Divorced,14756,Yes,14,3,21,3,5,0,0
36,No,Travel_Frequently,Research & Development,11,85,Male,2,Manufacturing Director,2,Single,6499,No,13,0,6,3,6,5,0
45,No,Travel_Rarely,Research & Development,7,86,Male,3,Research Scientist,1,Divorced,9724,No,17,1,25,3,1,0,0
35,No,Travel_Frequently,Research & Development,1,88,Male,1,Research Scientist,1,Married,2194,No,13,1,5,2,3,2,1
36,Yes,Travel_Rarely,Research & Development,9,90,Male,1,Research Scientist,3,Married,3388,Yes,17,1,2,2,1,0,0
59,No,Travel_Frequently,Sales,1,91,Female,2,Sales Executive,3,Single,5473,No,11,0,20,2,4,3,1
29,No,Travel_Rarely,Research & Development,2,94,Male,1,Research Scientist,2,Married,2703,No,23,1,6,3,5,4,0
31,No,Travel_Rarely,Research & Development,1,95,Male,1,Research Scientist,2,Single,2501,No,17,0,1,3,1,1,1
32,No,Travel_Rarely,Research & Development,1,96,Male,2,Research Scientist,2,Married,6220,No,17,2,10,3,10,4,0
36,No,Travel_Rarely,Research & Development,6,97,Female,1,Laboratory Technician,4,Married,3038,No,12,0,5,3,1,0,0
31,No,Travel_Rarely,Research & Development,8,98,Female,2,Manufacturing Director,4,Single,4424,No,23,0,11,3,11,7,1
35,No,Travel_Rarely,Sales,1,100,Male,2,Sales Executive,1,Single,4312,No,14,0,16,3,15,13,2
45,No,Travel_Rarely,Research & Development,6,101,Male,3,Research Director,1,Married,13245,Yes,14,0,17,4,0,0,0
37,No,Travel_Rarely,Research & Development,7,102,Male,3,Research Director,3,Single,13664,No,13,0,16,4,5,2,0
46,No,Travel_Rarely,Human Resources,5,103,Male,2,Human Resources,2,Divorced,5021,Yes,22,1,16,3,4,2,0
30,No,Travel_Rarely,Research & Development,1,104,Male,2,Laboratory Technician,4,Married,5126,Yes,12,2,10,2,10,8,3
35,No,Travel_Rarely,Research & Development,1,105,Male,1,Research Scientist,3,Single,2859,No,18,0,6,3,6,4,0
55,No,Travel_Rarely,Sales,1,106,Male,3,Sales Executive,4,Married,10239,No,14,1,24,3,1,0,1
38,No,Non-Travel,Research & Development,6,107,Female,2,Research Scientist,4,Divorced,5329,Yes,12,3,17,3,13,11,1
34,No,Travel_Rarely,Research & Development,1,110,Male,2,Manufacturing Director,2,Married,4325,No,15,0,5,3,5,2,1
56,No,Travel_Rarely,Research & Development,7,112,Male,3,Manufacturing Director,4,Single,7260,No,11,0,37,2,6,4,0
23,No,Travel_Rarely,Sales,2,113,Male,1,Sales Representative,1,Divorced,2322,No,13,1,3,3,0,0,0
51,No,Travel_Rarely,Research & Development,9,116,Male,1,Laboratory Technician,4,Married,2075,No,23,2,10,3,4,2,0
30,No,Travel_Rarely,Research & Development,2,117,Male,2,Healthcare Representative,4,Married,4152,No,19,3,11,3,11,10,10
46,Yes,Travel_Rarely,Sales,9,118,Male,3,Sales Executive,4,Single,9619,No,16,0,9,3,9,8,4
40,No,Travel_Frequently,Research & Development,1,119,Male,4,Healthcare Representative,2,Married,13503,No,22,1,22,2,22,3,11
51,No,Travel_Rarely,Sales,21,120,Male,2,Sales Executive,4,Single,5441,Yes,22,0,11,1,10,7,1
30,No,Travel_Rarely,Sales,4,121,Female,2,Sales Executive,2,Divorced,5209,Yes,12,3,11,2,11,8,2
46,No,Travel_Frequently,Research & Development,1,124,Male,3,Healthcare Representative,1,Married,10673,Yes,13,1,21,2,10,9,9
32,No,Travel_Rarely,Sales,6,125,Male,2,Sales Executive,3,Single,5010,No,16,0,12,3,11,8,5
54,No,Travel_Rarely,Research & Development,2,126,Female,3,Research Director,3,Married,13549,No,12,1,16,1,4,3,0
24,No,Travel_Rarely,Sales,3,128,Female,2,Sales Executive,3,Married,4999,No,21,1,4,2,3,2,0
28,No,Non-Travel,Sales,4,129,Male,2,Sales Executive,3,Married,4221,No,15,0,5,4,5,4,0
58,No,Travel_Rarely,Sales,10,131,Male,4,Sales Executive,3,Single,13872,No,13,0,38,2,37,10,1
44,No,Non-Travel,Research & Development,23,132,Male,2,Laboratory Technician,2,Married,2042,No,12,1,17,4,3,2,1
37,Yes,Travel_Rarely,Human Resources,6,133,Male,1,Human Resources,1,Divorced,2073,Yes,22,0,7,3,3,2,0
32,No,Travel_Rarely,Research & Development,1,134,Male,1,Research Scientist,1,Single,2956,No,13,0,1,3,1,0,0
20,Yes,Travel_Frequently,Research & Development,6,137,Female,1,Laboratory Technician,4,Single,2926,Yes,18,0,1,3,1,0,1
34,No,Travel_Rarely,Research & Development,6,138,Female,2,Research Scientist,3,Single,4809,No,14,0,16,3,16,13,2
37,No,Non-Travel,Research & Development,2,139,Male,2,Healthcare Representative,4,Divorced,5163,No,14,1,17,4,1,0,0
59,No,Non-Travel,Human Resources,2,140,Female,5,Manager,4,Married,18844,No,21,1,30,3,3,2,2
50,No,Travel_Frequently,Research & Development,1,141,Female,5,Research Director,2,Married,18172,Yes,19,0,28,2,8,3,0
25,Yes,Travel_Rarely,Sales,5,142,Male,2,Sales Executive,3,Single,5744,Yes,11,0,6,3,6,4,0
25,No,Travel_Rarely,Research & Development,7,143,Male,1,Research Scientist,4,Married,2889,No,11,2,2,3,2,2,2
22,No,Travel_Rarely,Research & Development,15,144,Female,1,Laboratory Technician,4,Single,2871,No,15,0,1,3,0,0,0
51,No,Travel_Frequently,Research & Development,1,145,Female,3,Healthcare Representative,1,Single,7484,No,20,0,23,2,13,12,12
34,Yes,Travel_Frequently,Research & Development,7,147,Male,2,Laboratory Technician,3,Single,6074,Yes,24,0,9,3,9,7,0
54,No,Non-Travel,Human Resources,26,148,Female,4,Manager,4,Single,17328,Yes,12,0,23,3,5,3,4
24,No,Travel_Rarely,Research & Development,18,150,Male,1,Laboratory Technician,3,Married,2774,No,12,1,6,3,5,3,1
34,No,Travel_Rarely,Research & Development,6,151,Female,2,Research Scientist,2,Divorced,4505,No,15,1,12,3,1,0,0
37,No,Travel_Rarely,Sales,3,152,Male,3,Sales Executive,4,Single,7428,No,12,0,12,3,5,3,1
34,No,Travel_Rarely,Research & Development,5,153,Female,3,Manager,1,Single,11631,No,12,0,14,3,11,10,5
36,No,Travel_Frequently,Sales,11,154,Female,3,Sales Executive,4,Married,9738,No,14,1,10,3,9,7,2
36,No,Travel_Rarely,Research & Development,3,155,Female,1,Laboratory Technician,4,Divorced,2835,No,22,1,7,3,1,0,0
43,No,Travel_Frequently,Sales,26,158,Male,4,Manager,4,Married,16959,Yes,12,2,25,4,25,12,4
30,No,Travel_Frequently,Research & Development,23,159,Male,1,Research Scientist,3,Divorced,2613,No,25,3,10,2,10,7,0
33,No,Non-Travel,Sales,22,160,Male,2,Sales Executive,2,Married,6146,No,13,1,8,4,7,7,0
56,Yes,Travel_Rarely,Research & Development,14,161,Female,1,Research Scientist,2,Married,4963,Yes,18,3,7,3,5,4,4
51,No,Travel_Rarely,Research & Development,6,162,Male,5,Research Director,3,Single,19537,No,13,0,23,3,20,18,15
31,Yes,Travel_Rarely,Sales,6,163,Male,2,Sales Executive,3,Married,6172,Yes,18,0,12,2,7,7,7
26,No,Travel_Rarely,Research & Development,6,164,Female,1,Research Scientist,2,Married,2368,No,19,0,5,2,5,4,4
58,Yes,Travel_Rarely,Research & Development,23,165,Female,3,Healthcare Representative,4,Married,10312,No,12,1,40,2,40,10,15
19,Yes,Travel_Rarely,Sales,22,167,Male,1,Sales Representative,3,Single,1675,Yes,19,0,0,2,0,0,0
22,No,Travel_Rarely,Research & Development,2,169,Male,1,Laboratory Technician,4,Married,2523,No,14,1,3,3,2,1,2
49,No,Travel_Rarely,Research & Development,20,170,Female,2,Manufacturing Director,1,Married,6567,No,14,0,16,2,15,11,5
43,No,Travel_Frequently,Research & Development,28,171,Female,1,Research Scientist,3,Single,4739,No,12,0,18,3,3,2,1
50,No,Travel_Frequently,Sales,12,174,Female,3,Sales Executive,4,Single,9208,No,11,0,16,3,2,2,2
31,Yes,Travel_Rarely,Sales,20,175,Female,2,Sales Executive,3,Married,4559,Yes,11,1,4,3,2,2,2
41,No,Travel_Rarely,Sales,9,176,Male,3,Sales Executive,3,Divorced,8189,Yes,13,1,12,3,9,7,0
26,No,Travel_Rarely,Human Resources,25,177,Female,1,Human Resources,3,Married,2942,No,23,1,8,3,8,7,5
36,No,Travel_Rarely,Research & Development,6,178,Male,2,Manufacturing Director,2,Divorced,4941,No,20,2,7,3,3,2,0
51,Yes,Travel_Frequently,Research & Development,8,179,Male,3,Manufacturing Director,4,Single,10650,No,15,0,18,3,4,2,0
39,No,Travel_Rarely,Sales,4,182,Female,2,Sales Executive,3,Married,5902,No,14,1,17,4,15,11,5
25,No,Travel_Rarely,Sales,28,183,Male,2,Sales Executive,3,Married,8639,No,18,0,6,3,2,2,2
30,No,Travel_Rarely,Human Resources,9,184,Male,2,Human Resources,4,Married,6347,Yes,19,0,12,1,11,9,4
32,Yes,Travel_Rarely,Research & Development,9,190,Female,1,Laboratory Technician,1,Single,4200,No,22,0,10,4,5,4,0
45,No,Travel_Rarely,Research & Development,29,192,Male,1,Research Scientist,4,Single,3452,No,13,0,9,2,6,5,0
38,No,Travel_Rarely,Research & Development,3,193,Female,2,Research Scientist,3,Single,4317,Yes,20,0,19,3,3,2,2
30,No,Travel_Rarely,Research & Development,18,194,Female,1,Research Scientist,3,Single,2632,No,14,0,5,2,5,4,0
32,No,Travel_Frequently,Sales,9,195,Male,2,Sales Executive,4,Divorced,4668,No,17,3,9,4,8,7,0
30,No,Travel_Rarely,Research & Development,5,197,Female,1,Research Scientist,1,Divorced,3204,No,14,1,8,3,3,2,2
30,No,Travel_Rarely,Research & Development,2,198,Male,1,Laboratory Technician,4,Single,2720,No,13,0,6,3,5,3,1
41,No,Travel_Frequently,Research & Development,10,199,Male,4,Manager,1,Divorced,17181,No,13,1,21,2,7,6,7
41,No,Travel_Rarely,Research & Development,9,200,Male,1,Laboratory Technician,1,Married,2238,No,21,1,7,3,5,0,1
19,No,Travel_Rarely,Research & Development,3,201,Female,1,Laboratory Technician,2,Single,1483,No,14,0,1,3,1,0,0
40,No,Travel_Frequently,Research & Development,26,202,Female,2,Research Scientist,2,Divorced,5605,No,11,1,20,3,20,7,2
35,No,Travel_Rarely,Sales,1,204,Male,3,Sales Executive,2,Married,7295,No,13,2,10,3,10,8,0
53,No,Travel_Rarely,Sales,6,205,Male,2,Sales Representative,3,Married,2306,Yes,20,1,13,1,7,7,4
45,No,Travel_Rarely,Research & Development,9,206,Male,2,Laboratory Technician,2,Divorced,2348,No,18,1,20,1,17,9,0
32,No,Travel_Frequently,Sales,8,207,Female,3,Sales Executive,4,Single,8998,No,14,0,9,3,9,8,3
29,No,Non-Travel,Research & Development,1,208,Male,2,Manufacturing Director,3,Married,4319,No,13,1,10,3,10,7,0
51,No,Travel_Rarely,Research & Development,7,211,Male,2,Manufacturing Director,3,Married,6132,No,17,0,10,3,1,0,0
58,No,Travel_Rarely,Research & Development,9,214,Female,1,Research Scientist,2,Married,3346,Yes,20,1,9,2,1,0,0
40,No,Travel_Rarely,Sales,4,215,Male,3,Sales Executive,4,Married,10855,No,11,1,15,2,12,11,2
34,No,Travel_Frequently,Sales,2,216,Female,1,Sales Representative,3,Married,2231,No,18,1,6,3,4,3,1
22,No,Travel_Rarely,Research & Development,19,217,Male,1,Research Scientist,4,Married,2323,No,24,2,2,3,2,2,2
27,No,Non-Travel,Research & Development,9,218,Male,1,Research Scientist,2,Divorced,2024,No,18,1,6,1,2,2,2
28,No,Travel_Rarely,Research & Development,21,221,Male,1,Research Scientist,4,Married,2713,No,11,1,5,1,5,2,0
57,No,Travel_Rarely,Research & Development,24,223,Male,3,Healthcare Representative,4,Divorced,9439,Yes,16,1,12,1,5,3,1
27,No,Non-Travel,Research & Development,3,224,Male,1,Research Scientist,3,Divorced,2566,Yes,15,1,1,2,1,1,0
50,No,Travel_Rarely,Research & Development,11,226,Female,5,Manager,2,Single,19926,No,15,0,21,3,5,4,4
41,No,Travel_Rarely,Research & Development,14,227,Male,1,Research Scientist,3,Divorced,2451,No,12,1,13,3,9,8,1
30,No,Travel_Rarely,Sales,5,228,Female,3,Sales Executive,4,Married,9419,No,12,1,12,3,10,9,7
38,No,Travel_Rarely,Sales,1,230,Female,2,Sales Executive,4,Single,8686,No,22,0,12,4,8,3,0
32,No,Travel_Rarely,Research & Development,6,231,Male,1,Research Scientist,3,Single,3038,No,20,0,8,3,5,4,1
27,No,Travel_Rarely,Research & Development,17,233,Male,1,Research Scientist,2,Married,3058,Yes,16,1,6,2,5,2,1
19,Yes,Travel_Frequently,Sales,1,235,Female,1,Sales Representative,1,Single,2325,No,21,0,1,4,0,0,0
36,No,Travel_Frequently,Research & Development,3,238,Male,1,Laboratory Technician,2,Single,2088,No,12,0,13,2,8,7,7
30,No,Non-Travel,Research & Development,9,239,Male,2,Laboratory Technician,1,Divorced,3072,No,11,2,12,3,12,9,6
45,No,Travel_Rarely,Sales,4,240,Female,2,Sales Executive,1,Divorced,5006,Yes,11,1,9,4,5,4,0
56,No,Travel_Rarely,Research & Development,8,241,Female,1,Research Scientist,1,Divorced,4257,Yes,18,1,19,3,2,2,2
33,No,Travel_Rarely,Research & Development,2,242,Male,1,Research Scientist,4,Single,2500,No,14,0,4,4,3,1,0
19,Yes,Travel_Rarely,Research & Development,2,243,Male,1,Laboratory Technician,4,Single,1102,No,22,0,1,2,1,0,1
46,No,Travel_Rarely,Sales,1,244,Female,3,Sales Executive,1,Divorced,10453,No,25,3,24,3,24,13,15
38,No,Travel_Rarely,Research & Development,9,245,Female,1,Laboratory Technician,4,Single,2288,No,12,0,2,3,2,2,2
31,No,Travel_Rarely,Research & Development,12,246,Female,1,Research Scientist,4,Married,3929,Yes,23,1,7,3,4,2,0
34,No,Travel_Rarely,Research & Development,27,247,Female,1,Research Scientist,2,Single,2311,No,15,0,9,3,3,2,1
41,Yes,Travel_Rarely,Sales,20,248,Female,1,Sales Representative,2,Single,3140,Yes,22,0,4,2,4,3,0
50,No,Travel_Rarely,Research & Development,1,249,Male,1,Laboratory Technician,3,Married,3690,No,15,1,5,2,3,2,0
53,No,Travel_Rarely,Research & Development,13,250,Female,2,Manufacturing Director,1,Divorced,4450,No,11,2,5,3,4,2,1
33,No,Travel_Rarely,Research & Development,14,252,Female,1,Research Scientist,2,Married,2756,No,13,1,8,3,8,7,1
40,No,Travel_Rarely,Research & Development,4,253,Female,5,Manager,3,Married,19033,No,14,1,21,3,20,8,9
55,No,Travel_Rarely,Research & Development,14,254,Male,5,Research Director,2,Single,18722,No,11,0,36,3,24,15,2
34,No,Travel_Frequently,Research & Development,2,256,Male,2,Manufacturing Director,3,Married,9547,No,17,0,10,2,10,9,1
51,No,Travel_Rarely,Research & Development,3,258,Female,4,Healthcare Representative,2,Single,13734,No,18,0,21,3,7,7,1
52,No,Travel_Rarely,Research & Development,1,259,Male,5,Manager,3,Married,19999,No,14,1,34,3,33,18,11
27,No,Travel_Rarely,Research & Development,9,260,Female,1,Research Scientist,2,Single,2279,No,16,0,7,2,7,7,0
35,Yes,Travel_Rarely,Research & Development,23,261,Male,2,Manufacturing Director,3,Married,5916,Yes,13,0,8,3,1,0,0
43,No,Non-Travel,Research & Development,7,262,Male,1,Research Scientist,4,Divorced,2089,No,14,3,7,4,5,4,2
45,No,Non-Travel,Research & Development,2,264,Male,4,Manager,4,Married,16792,No,23,1,22,3,20,8,11
37,No,Travel_Rarely,Research & Development,21,267,Male,1,Research Scientist,1,Married,3564,Yes,12,1,8,2,8,7,1
35,No,Travel_Frequently,Research & Development,2,269,Female,2,Laboratory Technician,2,Single,4425,No,11,0,10,3,6,2,1
42,No,Non-Travel,Research & Development,21,270,Female,2,Manufacturing Director,3,Divorced,5265,No,16,1,11,3,5,3,0
38,No,Travel_Rarely,Research & Development,2,271,Male,2,Manufacturing Director,3,Married,6553,No,14,0,14,3,1,0,0
38,No,Travel_Rarely,Research & Development,29,273,Male,2,Manufacturing Director,4,Married,6261,No,18,1,9,1,7,7,1
27,No,Travel_Frequently,Research & Development,1,274,Male,2,Manufacturing Director,1,Married,4298,No,19,1,6,3,2,2,2
49,No,Non-Travel,Research & Development,18,275,Male,2,Manufacturing Director,4,Divorced,6804,Yes,15,2,7,3,7,7,1
34,No,Travel_Frequently,Research & Development,10,277,Male,1,Research Scientist,3,Divorced,3815,Yes,17,1,5,4,5,3,2
40,No,Travel_Rarely,Research & Development,19,281,Male,2,Laboratory Technician,4,Married,2741,Yes,15,1,15,4,7,2,3
38,Yes,Travel_Rarely,Research & Development,29,282,Male,2,Healthcare Representative,1,Married,6673,Yes,19,0,17,3,1,0,0
29,Yes,Travel_Rarely,Sales,27,283,Female,3,Sales Executive,4,Married,7639,No,22,3,10,2,10,4,1
22,No,Travel_Rarely,Research & Development,5,284,Male,1,Research Scientist,2,Divorced,2328,Yes,16,1,4,2,4,2,2
36,No,Travel_Frequently,Research & Development,18,286,Female,1,Laboratory Technician,4,Single,2153,No,13,0,8,3,8,1,1
40,No,Non-Travel,Research & Development,9,287,Male,2,Healthcare Representative,4,Married,4876,No,14,1,5,1,3,2,0
46,No,Travel_Rarely,Research & Development,1,288,Male,3,Healthcare Representative,1,Divorced,9396,No,16,1,17,3,4,2,0
32,Yes,Travel_Rarely,Sales,4,291,Male,3,Sales Executive,4,Married,10400,No,11,0,14,2,14,8,9
30,No,Non-Travel,Research & Development,1,292,Male,3,Manufacturing Director,3,Single,8474,No,22,0,12,3,11,8,5
27,No,Travel_Frequently,Sales,20,293,Female,2,Sales Executive,3,Single,9981,No,14,0,7,3,7,7,0
51,No,Travel_Rarely,Research & Development,8,296,Male,3,Research Director,2,Married,12490,No,16,2,16,1,10,9,4
30,Yes,Travel_Rarely,Research & Development,3,297,Female,1,Research Scientist,1,Single,2657,Yes,11,0,8,3,5,2,0
41,No,Travel_Rarely,Sales,6,298,Female,3,Manager,4,Single,13591,Yes,18,0,16,3,1,0,0
30,Yes,Travel_Frequently,Sales,26,299,Female,2,Sales Executive,1,Single,6696,No,15,0,9,2,6,3,0
29,Yes,Travel_Rarely,Research & Development,1,300,Male,1,Research Scientist,3,Single,2058,No,14,0,7,2,6,2,1
45,No,Non-Travel,Sales,6,302,Female,3,Sales Executive,4,Single,8865,No,12,0,23,3,19,7,12
54,No,Travel_Rarely,Sales,3,303,Female,2,Sales Executive,1,Married,5940,No,14,1,16,3,6,2,0
36,No,Travel_Rarely,Research & Development,5,304,Male,2,Laboratory Technician,2,Single,5914,No,16,0,16,4,13,11,3
33,No,Travel_Rarely,Research & Development,4,305,Female,1,Research Scientist,2,Married,2622,No,21,0,7,3,3,2,1
37,No,Travel_Frequently,Research & Development,11,306,Male,3,Research Director,4,Divorced,12185,Yes,14,3,10,3,10,8,0
38,No,Travel_Rarely,Sales,3,307,Male,3,Sales Executive,3,Divorced,10609,No,12,2,17,2,16,10,5
31,No,Non-Travel,Research & Development,1,308,Male,2,Manufacturing Director,3,Married,4345,No,12,1,6,3,5,4,1
59,No,Travel_Rarely,Research & Development,3,309,Male,1,Research Scientist,4,Married,2177,No,17,1,7,3,1,0,0
37,No,Travel_Frequently,Sales,4,311,Male,1,Sales Representative,4,Divorced,2793,No,17,1,13,3,9,8,5
29,No,Travel_Frequently,Sales,1,312,Female,3,Sales Executive,4,Married,7918,No,14,1,11,3,11,10,4
35,No,Travel_Frequently,Sales,1,314,Female,3,Sales Executive,3,Single,8789,No,14,0,10,4,10,7,0
29,Yes,Travel_Rarely,Research & Development,18,315,Male,1,Research Scientist,4,Single,2389,Yes,13,0,4,2,4,3,0
52,No,Travel_Rarely,Research & Development,2,316,Female,1,Laboratory Technician,4,Single,3212,No,15,0,6,2,2,2,2
42,No,Travel_Rarely,Research & Development,4,319,Male,5,Manager,4,Married,19232,No,11,0,22,3,22,17,11
59,No,Travel_Rarely,Human Resources,6,321,Male,1,Human Resources,3,Married,2267,No,17,0,7,2,2,2,2
50,No,Travel_Rarely,Sales,1,323,Female,5,Manager,4,Divorced,19517,No,11,1,32,2,7,0,0
33,Yes,Travel_Rarely,Research & Development,14,325,Male,1,Laboratory Technician,4,Married,2436,Yes,13,1,8,1,5,4,0
43,No,Travel_Rarely,Sales,16,327,Female,4,Manager,4,Married,16064,Yes,22,1,22,3,17,13,1
33,Yes,Travel_Rarely,Research & Development,2,328,Female,1,Laboratory Technician,1,Married,2707,No,20,0,13,4,9,7,1
52,No,Non-Travel,Sales,2,329,Male,5,Manager,3,Single,19068,Yes,18,0,33,4,33,7,15
32,No,Travel_Rarely,Sales,4,330,Female,1,Sales Representative,2,Married,3931,No,11,1,6,3,4,3,1
32,Yes,Travel_Rarely,Research & Development,1,331,Male,1,Laboratory Technician,3,Single,3730,Yes,14,0,4,1,3,2,1
39,No,Travel_Rarely,Research & Development,1,332,Female,1,Laboratory Technician,3,Divorced,2232,No,14,3,7,3,3,2,1
32,No,Non-Travel,Sales,26,333,Male,2,Sales Executive,4,Married,4465,No,18,0,4,3,3,2,2
41,No,Travel_Rarely,Research & Development,19,334,Male,2,Research Scientist,1,Divorced,3072,No,16,2,17,2,1,0,0
40,No,Travel_Rarely,Research & Development,24,335,Male,2,Research Scientist,4,Divorced,3319,No,17,2,9,3,9,8,4
45,No,Travel_Rarely,Research & Development,1,336,Male,5,Manager,4,Married,19202,No,11,1,25,3,24,0,1
31,No,Travel_Frequently,Research & Development,3,337,Male,3,Research Director,3,Divorced,13675,No,12,1,9,3,2,2,2
33,No,Travel_Rarely,Research & Development,5,338,Female,1,Research Scientist,4,Married,2911,No,13,1,2,2,2,2,0
34,No,Travel_Rarely,Research & Development,2,339,Male,2,Manufacturing Director,1,Married,5957,No,13,1,13,3,11,9,5
37,No,Travel_Rarely,Research & Development,1,340,Female,1,Research Scientist,1,Married,3920,No,14,1,17,2,3,1,0
45,No,Travel_Frequently,Research & Development,7,341,Male,2,Manufacturing Director,3,Married,6434,No,17,1,9,3,3,2,0
37,Yes,Travel_Frequently,Research & Development,10,342,Male,3,Manufacturing Director,3,Divorced,10048,No,11,2,17,3,1,0,0
39,No,Travel_Frequently,Research & Development,2,343,Female,3,Healthcare Representative,3,Single,10938,No,25,0,20,3,19,6,11
29,No,Travel_Rarely,Research & Development,15,346,Male,1,Research Scientist,4,Single,2340,No,19,0,6,3,6,5,1
42,No,Travel_Rarely,Research & Development,17,347,Female,2,Research Scientist,1,Single,6545,Yes,13,0,10,3,3,2,0
29,No,Travel_Rarely,Sales,20,349,Male,2,Sales Executive,4,Divorced,6931,No,14,1,10,3,3,2,0
25,No,Travel_Rarely,Research & Development,1,350,Female,2,Manufacturing Director,3,Married,4898,No,12,2,5,3,4,2,1
42,No,Travel_Rarely,Research & Development,2,351,Female,1,Laboratory Technician,1,Divorced,2593,Yes,11,1,10,3,9,6,7
40,No,Travel_Rarely,Research & Development,2,352,Male,5,Research Director,3,Divorced,19436,No,19,1,22,3,21,7,3
51,No,Travel_Rarely,Research & Development,1,353,Male,1,Research Scientist,4,Married,2723,No,11,0,1,2,1,0,0
31,Yes,Travel_Frequently,Research & Development,29,355,Male,1,Laboratory Technician,2,Single,3479,No,11,0,6,4,5,4,1
32,No,Travel_Frequently,Research & Development,7,359,Male,1,Laboratory Technician,2,Married,2794,No,20,0,5,1,5,1,0
38,No,Non-Travel,Sales,2,361,Male,2,Sales Executive,4,Married,5249,No,18,1,13,3,8,7,7
32,No,Travel_Rarely,Research & Development,2,362,Male,2,Laboratory Technician,1,Single,2176,No,13,0,9,3,6,2,0
46,No,Travel_Rarely,Sales,2,363,Female,4,Manager,2,Married,16872,Yes,12,1,28,2,7,7,7
28,Yes,Travel_Rarely,Research & Development,2,364,Male,1,Laboratory Technician,3,Single,3485,No,11,0,5,1,0,0,0
29,No,Travel_Rarely,Sales,2,366,Male,2,Sales Executive,2,Married,6644,No,19,2,10,3,0,0,0
31,No,Travel_Rarely,Research & Development,23,367,Male,2,Healthcare Representative,4,Married,5582,No,21,1,10,3,9,0,7
25,No,Non-Travel,Research & Development,5,369,Male,2,Healthcare Representative,1,Divorced,4000,No,12,2,6,3,6,3,1
45,No,Travel_Rarely,Research & Development,20,372,Male,4,Healthcare Representative,4,Married,13496,Yes,14,0,21,3,20,7,4
36,No,Travel_Rarely,Research & Development,6,373,Male,1,Laboratory Technician,4,Married,3210,No,11,1,16,3,15,13,10
55,No,Travel_Rarely,Research & Development,1,374,Male,5,Manager,1,Single,19045,Yes,14,0,37,3,36,10,4
47,Yes,Non-Travel,Research & Development,29,376,Male,3,Manager,2,Married,11849,Yes,12,1,10,2,10,7,9
28,No,Travel_Rarely,Research & Development,9,377,Male,1,Research Scientist,4,Married,2070,No,23,1,5,2,5,2,0
37,No,Travel_Rarely,Sales,6,378,Male,2,Sales Executive,4,Married,6502,No,14,1,7,4,5,4,0
21,No,Travel_Rarely,Research & Development,3,379,Male,1,Research Scientist,3,Single,3230,No,17,0,3,4,3,2,1
37,No,Non-Travel,Research & Development,1,380,Female,3,Research Director,4,Divorced,13603,Yes,18,2,15,3,5,2,0
35,No,Travel_Rarely,Research & Development,22,381,Female,3,Manager,2,Divorced,11996,No,18,1,10,2,7,7,6
38,No,Travel_Rarely,Sales,7,382,Female,2,Sales Executive,1,Divorced,5605,Yes,24,1,8,3,8,0,7
26,No,Travel_Frequently,Research & Development,1,384,Female,2,Manufacturing Director,2,Divorced,6397,No,20,1,6,1,6,5,1
50,No,Travel_Rarely,Research & Development,4,385,Male,5,Research Director,2,Divorced,19144,No,14,2,28,2,10,4,1
53,No,Travel_Rarely,Research & Development,3,386,Male,4,Research Director,3,Married,17584,Yes,16,3,21,2,5,3,1
42,No,Travel_Rarely,Sales,1,387,Male,2,Sales Executive,3,Married,4907,No,25,0,20,3,20,16,11
29,No,Travel_Frequently,Sales,2,388,Male,2,Sales Executive,4,Single,4554,No,18,0,10,2,10,7,0
55,No,Travel_Rarely,Research & Development,20,389,Male,2,Laboratory Technician,4,Married,5415,Yes,19,1,12,3,10,7,0
26,No,Travel_Frequently,Research & Development,11,390,Male,2,Healthcare Representative,1,Married,4741,Yes,13,1,5,3,5,3,3
37,No,Travel_Rarely,Research & Development,1,391,Female,1,Research Scientist,4,Single,2115,No,12,0,17,3,17,12,5
44,Yes,Travel_Frequently,Research & Development,24,392,Male,1,Laboratory Technician,3,Divorced,3161,Yes,22,1,19,1,1,0,0
38,No,Travel_Rarely,Research & Development,23,393,Male,2,Healthcare Representative,4,Divorced,5745,No,14,1,10,3,2,2,1
26,Yes,Travel_Rarely,Research & Development,16,394,Male,1,Laboratory Technician,2,Divorced,2373,Yes,13,1,5,3,3,2,0
28,No,Travel_Rarely,Research & Development,8,395,Female,1,Research Scientist,4,Single,3310,No,21,0,5,3,5,3,0
49,No,Travel_Frequently,Research & Development,10,396,Female,5,Research Director,1,Single,18665,Yes,11,0,22,3,3,2,1
36,No,Travel_Rarely,Research & Development,3,397,Male,2,Research Scientist,2,Single,4485,No,12,0,10,3,8,0,7
31,No,Travel_Frequently,Sales,5,399,Female,1,Sales Representative,2,Divorced,2789,No,11,1,2,2,2,2,2
26,Yes,Travel_Rarely,Sales,4,401,Male,2,Sales Executive,4,Single,5828,Yes,12,0,8,3,8,7,7
37,No,Travel_Frequently,Research & Development,9,403,Male,1,Research Scientist,4,Married,2326,Yes,12,3,4,2,4,2,1
42,No,Travel_Frequently,Sales,26,404,Female,4,Sales Executive,2,Married,13525,No,14,1,23,4,20,4,4
18,Yes,Travel_Rarely,Research & Development,3,405,Male,1,Laboratory Technician,3,Single,1420,No,13,0,0,3,0,0,0
35,No,Travel_Rarely,Sales,16,406,Male,3,Sales Executive,2,Married,8020,No,15,2,12,2,11,9,6
36,No,Travel_Frequently,Research & Development,18,407,Male,1,Laboratory Technician,4,Married,3688,No,18,2,4,3,1,0,0
51,No,Travel_Rarely,Research & Development,2,408,Male,2,Manufacturing Director,2,Divorced,5482,No,18,1,13,3,4,1,1
41,No,Travel_Rarely,Sales,2,410,Male,4,Manager,2,Single,16015,No,19,0,22,3,22,10,0
18,No,Travel_Rarely,Sales,10,411,Female,1,Sales Representative,3,Single,1200,No,12,0,0,3,0,0,0
28,No,Travel_Rarely,Research & Development,16,412,Male,2,Healthcare Representative,1,Single,5661,No,19,0,9,3,8,3,0
31,No,Travel_Rarely,Sales,7,416,Male,2,Sales Executive,4,Married,6929,No,11,1,10,2,8,7,7
39,No,Travel_Rarely,Research & Development,1,417,Male,3,Healthcare Representative,4,Divorced,9613,No,17,3,19,2,18,10,3
36,No,Non-Travel,Research & Development,24,419,Female,2,Laboratory Technician,2,Married,5674,No,15,1,11,3,9,8,0
32,No,Travel_Rarely,Sales,7,420,Male,2,Sales Executive,3,Married,5484,No,14,1,13,2,13,8,4
38,No,Travel_Rarely,Research & Development,25,421,Female,3,Research Director,2,Married,12061,No,17,1,19,3,10,8,0
58,No,Non-Travel,Research & Development,1,422,Male,2,Healthcare Representative,3,Divorced,5660,Yes,13,1,12,3,5,3,1
31,No,Travel_Rarely,Research & Development,5,423,Male,1,Research Scientist,4,Married,4821,Yes,12,1,6,3,5,2,0
31,No,Travel_Rarely,Human Resources,2,424,Male,2,Human Resources,1,Married,6410,No,12,0,9,3,2,2,1
45,No,Travel_Frequently,Research & Development,7,425,Male,3,Laboratory Technician,1,Divorced,5210,No,18,1,24,3,24,9,9
31,No,Travel_Rarely,Research & Development,2,426,Male,1,Research Scientist,4,Divorced,2695,Yes,18,1,3,1,2,2,2
33,No,Travel_Frequently,Research & Development,5,428,Female,3,Manager,2,Married,11878,No,11,2,12,3,10,6,8
39,No,Travel_Rarely,Research & Development,10,429,Male,4,Manager,1,Married,17068,Yes,14,0,21,3,21,9,11
43,No,Travel_Frequently,Research & Development,10,430,Female,1,Laboratory Technician,4,Single,2455,No,19,0,9,3,8,7,1
49,No,Travel_Rarely,Research & Development,1,431,Female,4,Healthcare Representative,3,Single,13964,Yes,12,0,25,3,7,1,0
52,Yes,Travel_Rarely,Research & Development,8,433,Male,2,Research Scientist,2,Married,4941,No,15,0,11,2,8,2,7
27,No,Travel_Rarely,Research & Development,5,434,Female,1,Research Scientist,2,Single,2478,Yes,12,0,4,2,4,3,1
32,No,Travel_Rarely,Sales,8,436,Female,2,Sales Executive,2,Married,5228,Yes,11,0,13,3,13,12,11
27,No,Travel_Rarely,Sales,2,437,Male,2,Sales Executive,3,Single,4478,Yes,11,0,5,3,5,4,0
31,No,Travel_Rarely,Sales,7,438,Male,2,Sales Executive,4,Divorced,7547,No,12,3,13,3,7,7,1
32,No,Travel_Rarely,Research & Development,2,439,Female,2,Research Scientist,4,Single,5055,No,16,0,10,2,7,7,0
28,Yes,Travel_Rarely,Research & Development,2,440,Male,1,Research Scientist,4,Married,3464,Yes,13,0,5,2,3,2,2
30,No,Travel_Rarely,Research & Development,28,441,Female,2,Research Scientist,4,Married,5775,No,13,2,11,3,10,8,1
31,No,Travel_Frequently,Research & Development,7,442,Female,3,Manufacturing Director,3,Married,8943,No,24,1,10,3,10,9,8
39,No,Travel_Frequently,Research & Development,7,444,Male,5,Manager,4,Married,19272,No,15,1,21,3,21,9,13
39,Yes,Travel_Rarely,Sales,3,445,Female,2,Sales Executive,3,Married,5238,Yes,18,0,12,2,1,0,0
33,No,Travel_Frequently,Sales,10,446,Male,2,Sales Executive,4,Single,4682,No,14,0,9,2,7,7,0
47,No,Travel_Rarely,Research & Development,5,447,Male,5,Research Director,3,Married,18300,No,11,1,21,3,3,2,1
43,No,Travel_Frequently,Research & Development,10,448,Female,2,Laboratory Technician,3,Divorced,5257,No,11,1,9,4,9,7,0
27,No,Non-Travel,Sales,1,449,Male,2,Sales Executive,2,Married,6349,Yes,13,1,6,3,5,4,1
54,No,Travel_Frequently,Research & Development,20,450,Female,2,Research Scientist,3,Single,4869,No,12,0,20,2,4,3,0
43,No,Travel_Rarely,Research & Development,7,451,Female,3,Healthcare Representative,1,Married,9985,No,16,1,10,2,1,0,0
45,No,Travel_Rarely,Research & Development,8,452,Male,2,Research Scientist,4,Married,3697,No,14,2,12,3,10,9,9
40,No,Travel_Rarely,Sales,1,453,Male,2,Sales Executive,4,Married,7457,Yes,22,3,6,2,4,3,0
29,Yes,Travel_Rarely,Research & Development,8,454,Male,1,Laboratory Technician,1,Married,2119,Yes,11,0,7,2,7,7,0
29,No,Travel_Rarely,Research & Development,9,455,Male,1,Laboratory Technician,4,Single,3983,No,17,0,4,3,3,2,2
30,No,Travel_Rarely,Sales,5,456,Female,2,Sales Executive,3,Divorced,6118,No,13,3,10,3,10,9,1
27,No,Travel_Rarely,Sales,8,458,Female,2,Sales Executive,2,Married,6214,No,18,1,8,3,8,7,0
37,No,Travel_Rarely,Research & Development,5,460,Male,2,Manufacturing Director,4,Divorced,6347,No,16,2,8,2,6,2,0
38,No,Travel_Rarely,Research & Development,15,461,Male,3,Research Director,4,Divorced,11510,Yes,14,1,12,3,11,10,2
31,No,Travel_Rarely,Research & Development,7,462,Female,3,Manufacturing Director,4,Single,7143,Yes,14,0,11,2,11,9,4
29,No,Travel_Rarely,Sales,10,463,Female,2,Sales Executive,2,Divorced,8268,Yes,14,2,7,3,7,7,1
35,No,Travel_Rarely,Research & Development,5,464,Male,3,Manufacturing Director,2,Single,8095,No,13,0,17,3,16,6,0
23,No,Travel_Rarely,Research & Development,26,465,Male,1,Research Scientist,4,Divorced,2904,No,12,2,4,2,4,2,0
41,No,Travel_Rarely,Research & Development,6,466,Male,2,Manufacturing Director,2,Single,6032,Yes,15,0,8,3,5,4,1
47,No,Travel_Frequently,Sales,4,467,Male,2,Sales Representative,3,Single,2976,No,19,0,5,3,0,0,0
42,No,Travel_Rarely,Research & Development,23,468,Female,4,Research Director,4,Single,15992,No,14,0,16,3,1,0,0
29,No,Non-Travel,Sales,2,469,Male,2,Sales Executive,3,Married,4649,No,14,1,4,2,4,3,0
42,No,Travel_Rarely,Human Resources,2,470,Male,1,Human Resources,3,Divorced,2696,Yes,11,1,4,3,3,2,1
32,No,Travel_Rarely,Research & Development,2,471,Female,1,Laboratory Technician,2,Married,2370,No,13,1,8,3,8,0,0
48,No,Travel_Rarely,Sales,29,473,Female,3,Manager,3,Married,12504,No,21,1,15,1,0,0,0
37,No,Travel_Rarely,Research & Development,6,474,Male,2,Research Scientist,1,Divorced,5974,Yes,13,2,13,3,7,7,6
30,No,Non-Travel,Sales,25,475,Female,2,Sales Executive,3,Married,4736,Yes,12,1,4,4,2,2,2
26,No,Travel_Rarely,Sales,1,476,Male,2,Sales Executive,3,Married,5296,No,17,1,8,3,8,7,7
42,No,Travel_Rarely,Research & Development,2,477,Male,2,Healthcare Representative,4,Single,6781,No,23,0,14,3,1,0,0
21,Yes,Travel_Frequently,Sales,1,478,Female,1,Sales Representative,2,Single,2174,Yes,11,0,3,3,3,2,1
36,No,Non-Travel,Sales,1,479,Female,2,Sales Executive,4,Single,6653,No,15,0,7,3,1,0,0
36,No,Travel_Frequently,Sales,3,481,Male,3,Sales Executive,4,Married,9699,No,11,1,16,3,13,9,1
57,No,Travel_Rarely,Research & Development,1,482,Male,2,Healthcare Representative,3,Married,6755,No,11,0,15,3,3,2,1
40,No,Travel_Rarely,Research & Development,10,483,Female,1,Laboratory Technician,3,Married,2213,Yes,13,1,10,3,7,7,1
21,No,Non-Travel,Sales,9,484,Male,1,Sales Representative,4,Single,2610,No,24,0,3,2,3,2,2
33,Yes,Travel_Rarely,Sales,5,485,Female,1,Sales Representative,3,Single,2851,Yes,13,0,1,3,1,0,0
37,No,Travel_Rarely,Research & Development,10,486,Female,1,Laboratory Technician,1,Married,3452,No,20,1,17,3,5,4,0
46,No,Non-Travel,Research & Development,7,487,Female,2,Manufacturing Director,3,Married,5258,No,14,0,7,4,1,0,0
41,Yes,Travel_Frequently,Sales,4,488,Male,2,Sales Executive,2,Single,9355,No,18,0,8,3,8,7,7
50,No,Travel_Rarely,Research & Development,10,491,Male,3,Healthcare Representative,4,Single,10496,No,15,0,20,3,4,3,1
40,Yes,Travel_Rarely,Sales,22,492,Male,2,Sales Executive,3,Married,6380,Yes,12,2,8,3,6,4,1
31,No,Travel_Rarely,Research & Development,9,493,Male,1,Research Scientist,2,Single,2657,Yes,16,0,3,3,2,2,2
21,Yes,Travel_Rarely,Sales,12,494,Female,1,Sales Representative,2,Single,2716,No,15,0,1,3,1,0,0
29,No,Travel_Rarely,Research & Development,23,495,Male,1,Research Scientist,4,Single,2201,No,16,0,6,3,3,2,1
35,No,Travel_Rarely,Research & Development,9,496,Male,2,Healthcare Representative,2,Single,6540,No,19,0,10,3,1,1,0
27,No,Travel_Rarely,Research & Development,1,497,Male,1,Laboratory Technician,2,Divorced,3816,No,11,1,5,3,5,2,0
28,No,Travel_Rarely,Sales,9,498,Male,2,Sales Executive,4,Single,5253,No,16,0,7,3,7,5,0
49,No,Travel_Rarely,Research & Development,7,499,Male,3,Healthcare Representative,3,Single,10965,No,24,0,26,3,5,2,0
51,No,Travel_Rarely,Sales,14,500,Female,2,Sales Executive,4,Married,4936,No,11,1,18,2,7,7,0
36,No,Travel_Rarely,Research & Development,2,501,Female,1,Research Scientist,3,Married,2543,No,13,1,6,3,2,2,2
34,Yes,Non-Travel,Sales,19,502,Male,2,Sales Executive,4,Single,5304,Yes,13,0,9,2,5,2,0
55,No,Travel_Rarely,Research & Development,2,505,Female,4,Manager,4,Single,16659,Yes,13,0,30,3,5,4,1
24,No,Travel_Rarely,Sales,10,507,Female,2,Sales Executive,3,Divorced,4260,Yes,12,1,5,4,5,2,0
30,No,Travel_Rarely,Sales,2,508,Male,1,Sales Representative,2,Married,2476,No,18,1,1,3,1,0,0
26,Yes,Travel_Frequently,Research & Development,3,510,Male,1,Research Scientist,1,Single,3102,No,22,0,7,3,6,4,0
22,No,Travel_Rarely,Research & Development,11,511,Female,1,Research Scientist,2,Married,2244,No,13,1,2,3,2,1,1
36,No,Travel_Rarely,Sales,2,513,Male,3,Sales Executive,3,Married,7596,No,13,2,10,3,10,9,9
30,Yes,Travel_Frequently,Research & Development,4,514,Male,1,Research Scientist,4,Single,2285,Yes,23,0,3,3,1,0,0
37,No,Travel_Rarely,Research & Development,14,515,Female,1,Laboratory Technician,1,Divorced,3034,No,12,1,18,2,18,7,12
40,No,Travel_Rarely,Sales,2,516,Female,2,Sales Executive,2,Divorced,5715,No,12,2,8,3,5,4,1
42,No,Travel_Rarely,Research & Development,1,517,Female,1,Laboratory Technician,1,Divorced,2576,No,16,1,8,3,5,2,1
37,No,Travel_Rarely,Research & Development,10,518,Male,2,Manufacturing Director,2,Single,4197,Yes,12,0,18,2,1,0,0
43,No,Travel_Rarely,Research & Development,12,520,Male,4,Research Director,2,Divorced,14336,No,11,1,25,3,25,10,3
40,No,Travel_Rarely,Research & Development,2,521,Female,2,Laboratory Technician,3,Married,3448,No,22,1,20,3,1,0,0
54,No,Travel_Rarely,Research & Development,5,522,Male,5,Research Director,1,Married,19406,No,11,1,24,2,4,2,1
34,No,Non-Travel,Sales,4,523,Female,2,Sales Executive,3,Married,6538,No,15,1,6,3,3,2,1
31,No,Travel_Rarely,Research & Development,7,524,Female,2,Manufacturing Director,1,Married,4306,No,12,1,13,1,13,10,3
43,No,Travel_Frequently,Research & Development,21,525,Male,1,Laboratory Technician,4,Married,2258,No,20,1,8,3,3,2,1
43,No,Travel_Rarely,Research & Development,8,526,Female,2,Healthcare Representative,3,Divorced,4522,Yes,14,0,8,3,5,2,0
25,No,Travel_Rarely,Sales,4,527,Female,2,Sales Executive,4,Single,4487,Yes,11,0,5,3,5,4,1
37,No,Non-Travel,Research & Development,25,529,Female,2,Research Scientist,3,Married,4449,Yes,15,2,15,3,13,11,10
31,No,Travel_Rarely,Research & Development,1,530,Male,1,Laboratory Technician,1,Married,2218,No,12,1,4,3,4,2,3
39,No,Travel_Frequently,Research & Development,1,531,Male,5,Manager,3,Divorced,19197,Yes,14,1,21,3,21,8,1
56,No,Travel_Frequently,Sales,6,532,Female,4,Sales Executive,1,Married,13212,No,11,3,36,2,7,7,7
30,No,Travel_Rarely,Sales,12,533,Female,2,Sales Executive,3,Single,6577,No,11,0,6,3,5,4,4
41,No,Travel_Rarely,Sales,1,534,Male,3,Sales Executive,1,Married,8392,No,16,1,10,3,10,7,0
28,No,Travel_Rarely,Research & Development,17,536,Male,2,Laboratory Technician,1,Divorced,4558,No,12,1,10,3,10,0,1
25,Yes,Travel_Rarely,Research & Development,3,538,Male,1,Laboratory Technician,1,Married,4031,No,13,1,6,3,2,2,0
52,No,Travel_Rarely,Research & Development,3,543,Male,3,Manufacturing Director,3,Married,7969,Yes,14,0,28,3,5,4,0
45,No,Travel_Rarely,Research & Development,10,544,Male,1,Research Scientist,4,Married,2654,No,21,2,8,2,2,2,0
52,No,Travel_Rarely,Research & Development,4,546,Female,4,Manager,4,Married,16555,No,13,0,31,1,5,2,1
42,No,Travel_Frequently,Research & Development,29,547,Female,2,Research Scientist,3,Divorced,4556,No,11,1,19,3,5,4,0
30,No,Travel_Rarely,Research & Development,2,548,Female,2,Manufacturing Director,4,Single,6091,No,20,0,11,3,5,4,0
60,No,Travel_Rarely,Research & Development,7,549,Female,5,Manager,1,Married,19566,No,11,0,33,1,29,8,11
46,No,Travel_Rarely,Research & Development,18,550,Female,2,Manufacturing Director,3,Divorced,4810,No,14,1,19,2,10,7,0
42,No,Travel_Frequently,Research & Development,28,551,Female,2,Healthcare Representative,4,Married,4523,No,11,3,7,4,6,5,0
24,Yes,Travel_Rarely,Sales,1,554,Female,1,Sales Representative,2,Single,3202,Yes,16,0,6,3,5,3,1
34,Yes,Travel_Frequently,Sales,6,555,Female,1,Sales Representative,3,Divorced,2351,No,16,1,3,2,2,2,1
38,No,Travel_Frequently,Research & Development,2,556,Male,1,Laboratory Technician,4,Married,1702,Yes,23,1,1,3,1,0,0
40,No,Travel_Rarely,Sales,2,558,Female,5,Manager,3,Married,18041,No,14,0,21,3,20,15,1
26,No,Travel_Rarely,Research & Development,23,560,Female,1,Research Scientist,4,Divorced,2886,No,22,2,3,1,3,2,0
30,No,Non-Travel,Research & Development,3,562,Male,1,Laboratory Technician,4,Married,2097,No,15,1,9,1,5,3,1
29,No,Travel_Rarely,Research & Development,3,564,Male,3,Research Director,3,Married,11935,No,18,0,10,3,10,2,0
29,Yes,Travel_Rarely,Research & Development,25,565,Female,1,Research Scientist,2,Married,2546,No,16,0,6,4,2,2,1
19,Yes,Travel_Rarely,Human Resources,2,566,Male,1,Human Resources,4,Single,2564,No,12,0,1,4,1,0,0
30,No,Non-Travel,Sales,22,567,Female,3,Sales Executive,1,Married,8412,No,11,0,10,3,9,8,7
57,No,Travel_Rarely,Sales,29,568,Male,4,Manager,4,Divorced,14118,No,12,1,32,2,1,0,0
50,No,Travel_Rarely,Research & Development,29,569,Male,4,Manager,3,Married,17046,No,15,1,28,3,27,10,15
30,No,Non-Travel,Research & Development,2,571,Female,1,Laboratory Technician,4,Single,2564,No,14,0,12,2,11,7,6
60,No,Travel_Frequently,Sales,28,573,Female,3,Sales Executive,1,Married,10266,No,19,0,22,4,18,13,13
47,No,Travel_Rarely,Research & Development,2,574,Female,2,Manufacturing Director,4,Divorced,5070,No,13,3,20,3,5,0,0
46,No,Travel_Rarely,Research & Development,2,575,Male,4,Research Director,3,Married,17861,No,13,0,26,1,3,2,0
35,No,Travel_Rarely,Research & Development,22,577,Male,1,Laboratory Technician,3,Single,4230,No,15,0,6,3,5,4,4
54,No,Travel_Rarely,Research & Development,8,578,Female,2,Laboratory Technician,3,Single,3780,No,11,0,19,3,1,0,0
34,No,Travel_Rarely,Research & Development,2,579,Male,1,Research Scientist,3,Divorced,2768,No,12,1,14,3,7,3,5
46,No,Travel_Rarely,Sales,10,580,Female,3,Sales Executive,4,Married,9071,Yes,19,1,15,3,3,2,1
31,No,Travel_Rarely,Research & Development,9,581,Male,3,Manufacturing Director,2,Divorced,10648,No,25,1,13,4,13,8,0
33,Yes,Travel_Rarely,Research & Development,15,582,Male,3,Manager,3,Married,13610,Yes,12,0,15,4,7,6,7
33,Yes,Travel_Rarely,Research & Development,10,584,Male,1,Laboratory Technician,4,Divorced,3408,No,13,3,8,3,4,3,1
30,No,Travel_Rarely,Sales,7,585,Male,1,Sales Representative,2,Single,2983,No,14,0,4,3,3,2,1
35,No,Travel_Rarely,Research & Development,16,586,Male,3,Healthcare Representative,3,Married,7632,Yes,12,0,10,3,8,7,0
31,Yes,Travel_Frequently,Research & Development,20,587,Male,3,Healthcare Representative,3,Married,9824,No,12,0,12,3,1,0,0
34,Yes,Travel_Frequently,Human Resources,23,590,Female,3,Human Resources,1,Divorced,9950,Yes,15,3,11,3,3,2,0
42,No,Travel_Frequently,Research & Development,5,591,Male,1,Laboratory Technician,3,Married,2093,No,17,1,8,3,2,2,2
36,No,Non-Travel,Sales,10,592,Male,3,Sales Executive,4,Single,9980,No,14,0,10,2,10,3,9
22,Yes,Travel_Frequently,Research & Development,4,593,Male,1,Laboratory Technician,3,Single,3894,No,16,0,4,3,2,2,1
48,No,Travel_Rarely,Sales,2,595,Female,2,Sales Executive,4,Married,4051,No,14,1,14,3,9,7,6
55,No,Travel_Rarely,Sales,18,597,Female,4,Manager,2,Single,16835,No,23,0,37,3,10,9,7
41,No,Non-Travel,Sales,10,599,Male,2,Sales Executive,4,Single,6230,No,14,0,16,3,14,3,1
35,No,Travel_Rarely,Sales,1,600,Male,2,Sales Executive,3,Married,4717,No,11,0,15,3,11,9,6
40,No,Travel_Rarely,Research & Development,6,601,Female,4,Manufacturing Director,3,Single,13237,No,15,0,22,3,20,6,5
39,No,Travel_Frequently,Research & Development,8,602,Female,1,Laboratory Technician,3,Married,3755,No,11,1,8,3,8,3,0
31,No,Travel_Rarely,Sales,2,604,Male,2,Sales Executive,4,Single,6582,Yes,13,0,10,4,6,5,0
42,No,Travel_Rarely,Research & Development,24,605,Male,3,Manufacturing Director,1,Married,7406,Yes,21,1,10,2,10,9,5
45,No,Travel_Rarely,Sales,2,606,Male,2,Sales Executive,2,Married,4805,No,19,1,9,4,8,7,3
26,Yes,Travel_Frequently,Human Resources,17,608,Female,1,Human Resources,3,Divorced,2741,Yes,11,1,8,2,7,7,1
29,No,Travel_Rarely,Research & Development,19,611,Male,2,Manufacturing Director,4,Divorced,4262,No,12,2,8,4,3,2,1
33,No,Travel_Rarely,Research & Development,1,612,Female,4,Research Director,3,Divorced,16184,No,19,1,10,3,6,1,0
31,No,Travel_Rarely,Sales,7,613,Male,3,Manager,4,Divorced,11557,No,21,1,10,2,5,4,0
18,Yes,Travel_Frequently,Sales,5,614,Male,1,Sales Representative,2,Single,1878,Yes,14,0,0,3,0,0,0
40,No,Non-Travel,Sales,28,615,Male,3,Sales Executive,1,Divorced,10932,No,15,1,20,3,1,0,0
41,No,Non-Travel,Research & Development,2,616,Female,2,Healthcare Representative,3,Single,6811,Yes,17,0,10,3,8,7,0
26,No,Travel_Rarely,Sales,29,618,Male,2,Sales Executive,3,Divorced,4306,No,12,2,8,3,0,0,0
35,No,Travel_Rarely,Sales,1,620,Female,2,Sales Executive,3,Single,4859,No,16,0,5,3,5,4,0
34,No,Travel_Rarely,Sales,21,621,Male,2,Sales Executive,4,Single,5337,No,12,0,10,3,10,7,5
26,Yes,Travel_Rarely,Research & Development,24,622,Male,1,Laboratory Technician,4,Single,2340,Yes,18,0,1,1,1,0,0
37,No,Travel_Rarely,Research & Development,1,623,Female,3,Manufacturing Director,4,Single,7491,No,17,0,12,4,6,5,1
46,No,Travel_Frequently,Research & Development,18,624,Female,3,Healthcare Representative,3,Married,10527,No,11,0,28,2,2,2,1
41,No,Travel_Rarely,Sales,2,625,Female,4,Manager,1,Married,16595,No,16,1,22,3,18,16,11
37,No,Non-Travel,Sales,9,626,Male,3,Sales Executive,2,Divorced,8834,No,13,1,9,3,9,5,7
52,No,Travel_Rarely,Research & Development,6,630,Male,2,Research Scientist,1,Divorced,5577,Yes,12,2,18,3,10,9,6
32,Yes,Non-Travel,Sales,11,631,Male,2,Sales Executive,3,Married,4707,No,12,0,6,3,4,2,1
24,No,Travel_Frequently,Sales,24,632,Male,1,Sales Representative,4,Married,2400,No,13,2,3,3,2,2,2
38,No,Travel_Rarely,Research & Development,10,634,Female,2,Healthcare Representative,3,Married,9824,No,19,1,18,3,1,0,0
37,No,Travel_Rarely,Research & Development,1,635,Female,2,Manufacturing Director,2,Married,6447,No,12,1,8,2,6,5,4
49,No,Travel_Rarely,Research & Development,18,638,Male,5,Research Director,3,Divorced,19502,Yes,17,1,31,3,31,9,0
24,No,Travel_Rarely,Research & Development,23,639,Male,1,Research Scientist,4,Married,2725,Yes,11,2,6,3,6,5,1
26,No,Travel_Rarely,Sales,28,641,Male,2,Sales Executive,2,Married,6272,No,20,2,6,4,5,3,1
24,No,Travel_Rarely,Research & Development,17,643,Male,1,Laboratory Technician,2,Married,2127,No,21,1,1,3,1,0,0
50,No,Travel_Frequently,Human Resources,3,644,Male,5,Manager,2,Married,18200,No,11,1,32,3,32,5,10
25,No,Travel_Rarely,Sales,13,645,Male,1,Sales Representative,3,Married,2096,No,11,0,7,3,7,4,0
24,Yes,Travel_Frequently,Research & Development,7,647,Female,1,Laboratory Technician,3,Married,2886,Yes,16,1,6,3,6,3,1
30,Yes,Travel_Frequently,Sales,12,648,Male,1,Sales Representative,1,Married,2033,No,18,1,1,4,1,0,0
34,No,Travel_Rarely,Research & Development,1,649,Male,1,Research Scientist,4,Married,3622,Yes,13,1,6,3,6,5,1
31,Yes,Travel_Rarely,Sales,13,650,Male,2,Sales Executive,1,Divorced,4233,No,17,0,9,1,3,1,1
35,No,Travel_Rarely,Research & Development,25,652,Male,2,Laboratory Technician,4,Single,3681,No,14,0,9,3,3,2,0
31,No,Travel_Rarely,Sales,6,653,Male,2,Sales Executive,4,Divorced,5460,No,22,2,13,4,7,7,5
27,No,Travel_Rarely,Research & Development,6,655,Female,1,Research Scientist,3,Divorced,2187,No,12,2,6,2,5,3,0
37,No,Travel_Rarely,Sales,2,656,Male,2,Sales Executive,3,Married,9602,Yes,11,1,17,2,3,0,1
20,No,Travel_Rarely,Research & Development,1,657,Female,1,Research Scientist,2,Single,2836,No,13,0,1,4,1,0,0
42,No,Travel_Rarely,Research & Development,2,659,Female,2,Healthcare Representative,4,Married,4089,No,13,2,10,3,10,2,2
43,No,Travel_Rarely,Research & Development,6,661,Male,4,Research Director,4,Divorced,16627,Yes,14,1,21,2,1,0,0
38,No,Travel_Rarely,Research & Development,1,662,Female,1,Research Scientist,1,Single,2619,No,17,0,8,2,0,0,0
43,No,Travel_Frequently,Research & Development,9,663,Male,2,Laboratory Technician,3,Divorced,5679,Yes,13,1,10,3,8,7,4
48,No,Travel_Rarely,Research & Development,1,664,Female,4,Manager,1,Married,15402,No,11,1,21,1,3,2,0
44,No,Travel_Rarely,Human Resources,1,665,Female,2,Human Resources,3,Single,5985,No,11,0,10,4,2,2,0
34,No,Travel_Rarely,Sales,14,666,Female,1,Sales Representative,3,Divorced,2579,Yes,18,2,8,3,8,2,0
27,Yes,Travel_Rarely,Sales,2,667,Male,1,Sales Representative,1,Divorced,3041,No,11,1,5,3,4,3,0
21,No,Travel_Rarely,Sales,22,669,Male,1,Sales Representative,3,Single,3447,No,11,0,3,3,3,2,1
44,No,Travel_Rarely,Research & Development,3,671,Male,5,Manager,4,Married,19513,Yes,12,1,26,4,2,2,0
22,No,Travel_Rarely,Research & Development,6,675,Male,1,Research Scientist,3,Married,2773,No,20,0,3,3,2,2,2
33,No,Travel_Rarely,Sales,8,677,Male,2,Sales Executive,3,Divorced,7104,No,12,0,6,3,5,0,1
32,No,Travel_Rarely,Research & Development,9,679,Female,2,Research Scientist,4,Married,6322,Yes,12,1,6,2,6,4,0
30,No,Travel_Frequently,Research & Development,3,680,Female,1,Research Scientist,3,Divorced,2083,No,20,1,1,3,1,0,0
53,No,Travel_Rarely,Sales,1,682,Female,2,Sales Executive,1,Single,8381,No,20,0,18,4,14,7,8
34,No,Travel_Rarely,Research & Development,1,683,Male,1,Research Scientist,4,Married,2691,No,12,1,10,2,10,9,8
45,Yes,Travel_Frequently,Sales,26,684,Female,2,Sales Executive,1,Married,4286,No,14,2,5,3,1,1,0
26,No,Travel_Rarely,Research & Development,6,686,Female,1,Laboratory Technician,4,Married,2659,Yes,13,1,3,3,3,2,0
37,No,Travel_Rarely,Research & Development,3,689,Male,3,Manufacturing Director,3,Married,9434,No,15,1,10,3,10,7,7
29,No,Travel_Rarely,Sales,3,690,Female,2,Sales Executive,3,Married,5561,No,14,1,6,2,6,0,1
35,No,Travel_Rarely,Research & Development,6,691,Male,2,Research Scientist,4,Single,6646,No,13,0,17,3,17,11,11
33,No,Travel_Frequently,Research & Development,6,692,Male,2,Healthcare Representative,4,Divorced,7725,No,23,1,15,1,13,11,4
54,No,Travel_Rarely,Human Resources,19,698,Male,3,Human Resources,2,Married,10725,No,15,1,16,4,9,7,7
36,No,Travel_Rarely,Research & Development,9,699,Male,2,Manufacturing Director,2,Divorced,8847,Yes,11,1,13,3,3,2,0
27,No,Travel_Rarely,Research & Development,3,700,Male,1,Research Scientist,4,Single,2045,No,13,0,5,3,4,2,1
20,Yes,Travel_Rarely,Research & Development,10,701,Male,1,Research Scientist,3,Single,1009,Yes,11,0,1,3,1,0,1
33,Yes,Travel_Frequently,Research & Development,3,702,Male,1,Research Scientist,1,Single,3348,Yes,11,0,10,3,10,8,9
35,No,Non-Travel,Research & Development,3,704,Male,1,Laboratory Technician,3,Married,1281,No,18,2,1,3,1,0,0
23,No,Travel_Rarely,Research & Development,4,705,Male,1,Research Scientist,1,Married,2819,No,16,1,5,4,3,2,0
25,No,Travel_Rarely,Sales,8,707,Male,2,Sales Executive,2,Married,4851,No,22,1,4,3,3,2,1
38,No,Travel_Rarely,Sales,7,709,Female,2,Sales Executive,4,Single,4028,No,20,0,8,3,7,7,0
29,No,Travel_Frequently,Research & Development,1,710,Male,1,Research Scientist,4,Divorced,2720,No,18,1,10,3,10,7,2
48,No,Travel_Rarely,Sales,2,712,Male,2,Sales Executive,2,Married,8120,No,12,0,12,3,2,2,2
27,No,Travel_Frequently,Sales,3,714,Female,2,Sales Executive,4,Divorced,4647,Yes,20,2,6,3,6,5,0
37,No,Travel_Rarely,Research & Development,10,715,Male,1,Research Scientist,4,Single,4680,No,17,0,4,3,1,0,0
50,No,Travel_Rarely,Research & Development,28,716,Male,1,Laboratory Technician,3,Married,3221,Yes,11,3,20,3,20,8,3
34,No,Travel_Rarely,Research & Development,9,717,Female,3,Healthcare Representative,2,Single,8621,No,14,0,9,4,8,7,7
24,Yes,Travel_Rarely,Sales,3,720,Female,2,Sales Executive,3,Single,4577,No,14,0,4,3,2,2,2
39,No,Travel_Rarely,Research & Development,2,721,Female,2,Healthcare Representative,3,Single,4553,No,11,0,20,3,20,7,11
32,No,Travel_Rarely,Sales,10,722,Male,2,Sales Executive,4,Single,5396,No,12,0,10,2,10,7,0
50,Yes,Travel_Frequently,Sales,8,723,Male,2,Sales Executive,3,Married,6796,Yes,14,1,18,3,4,3,1
38,No,Travel_Rarely,Research & Development,1,724,Female,2,Healthcare Representative,4,Single,7625,No,13,0,10,2,9,7,1
27,No,Travel_Rarely,Research & Development,1,725,Female,3,Manufacturing Director,1,Married,7412,No,11,0,9,3,9,7,0
32,No,Travel_Rarely,Research & Development,3,727,Female,3,Research Director,4,Single,11159,No,15,0,10,3,7,7,7
47,No,Travel_Rarely,Sales,14,728,Male,2,Sales Executive,1,Single,4960,No,12,0,20,3,7,7,1
40,No,Travel_Frequently,Sales,5,729,Male,3,Sales Executive,1,Married,10475,Yes,21,1,20,3,18,13,1
53,No,Travel_Rarely,Research & Development,7,730,Male,4,Research Director,3,Married,14814,No,19,0,32,3,5,1,1
41,No,Travel_Rarely,Human Resources,10,731,Male,5,Manager,4,Divorced,19141,No,15,3,23,2,21,6,12
60,No,Travel_Rarely,Sales,16,732,Male,2,Sales Executive,1,Single,5405,No,14,0,10,3,2,2,2
27,No,Travel_Frequently,Research & Development,10,733,Male,3,Manufacturing Director,1,Divorced,8793,No,21,2,9,2,9,7,1
41,No,Travel_Rarely,Human Resources,1,734,Male,5,Manager,3,Married,19189,No,12,1,22,3,22,7,2
50,No,Travel_Rarely,Sales,8,738,Male,1,Sales Representative,2,Married,3875,No,15,1,4,3,2,2,2
28,Yes,Travel_Rarely,Research & Development,1,741,Female,1,Research Scientist,2,Single,2216,Yes,13,0,10,3,7,7,3
36,No,Non-Travel,Research & Development,8,742,Female,3,Research Director,1,Married,11713,No,14,1,10,3,8,7,0
38,No,Travel_Rarely,Research & Development,1,743,Female,3,Manufacturing Director,3,Single,7861,Yes,14,0,10,4,1,0,0
44,No,Non-Travel,Research & Development,24,744,Male,1,Laboratory Technician,3,Single,3708,No,14,0,9,3,5,2,1
47,No,Travel_Frequently,Sales,3,746,Female,4,Sales Executive,3,Divorced,13770,Yes,12,2,28,2,22,2,11
30,No,Travel_Rarely,Sales,27,747,Male,2,Sales Executive,4,Divorced,5304,No,23,1,10,2,8,7,7
29,No,Travel_Rarely,Sales,10,749,Male,1,Sales Representative,3,Single,2642,No,11,0,1,3,1,0,0
42,Yes,Travel_Frequently,Research & Development,19,752,Male,1,Research Scientist,3,Divorced,2759,Yes,12,0,7,3,2,2,2
43,No,Travel_Frequently,Sales,15,754,Male,2,Sales Executive,4,Married,6804,No,18,1,7,3,2,2,2
34,No,Travel_Rarely,Research & Development,8,757,Female,2,Healthcare Representative,3,Single,6142,No,11,0,10,3,5,1,4
23,No,Travel_Rarely,Research & Development,9,758,Male,1,Laboratory Technician,1,Married,2500,No,14,1,5,4,4,3,0
39,No,Travel_Rarely,Human Resources,3,760,Female,2,Human Resources,2,Married,6389,No,15,1,12,1,8,3,3
56,No,Travel_Rarely,Research & Development,9,762,Male,4,Healthcare Representative,4,Married,11103,No,11,0,30,2,10,7,1
40,No,Travel_Rarely,Research & Development,2,763,Female,1,Research Scientist,4,Single,2342,Yes,20,0,5,2,4,2,2
27,No,Travel_Rarely,Research & Development,7,764,Female,2,Healthcare Representative,1,Single,6811,No,19,0,9,1,7,6,0
29,No,Travel_Rarely,Sales,10,766,Male,1,Sales Representative,2,Divorced,2297,No,14,2,2,3,2,2,2
53,No,Travel_Rarely,Research & Development,6,769,Male,2,Laboratory Technician,4,Single,2450,No,17,0,19,3,2,2,2
35,No,Non-Travel,Research & Development,2,771,Female,2,Healthcare Representative,1,Divorced,5093,No,11,1,16,4,1,0,0
32,No,Travel_Frequently,Research & Development,24,772,Male,2,Laboratory Technician,4,Married,5309,No,15,2,10,3,10,8,4
38,No,Travel_Rarely,Research & Development,2,773,Male,1,Research Scientist,3,Married,3057,Yes,13,1,6,1,1,0,0
34,No,Travel_Rarely,Research & Development,8,775,Female,2,Manufacturing Director,1,Divorced,5121,No,14,1,7,3,0,0,0
52,No,Travel_Rarely,Sales,3,776,Male,4,Manager,1,Married,16856,No,11,0,34,4,34,6,1
33,Yes,Travel_Rarely,Research & Development,1,780,Male,1,Research Scientist,4,Single,2686,Yes,13,0,10,2,10,9,7
25,No,Travel_Rarely,Sales,26,781,Female,2,Sales Executive,4,Single,6180,No,23,0,6,2,6,5,1
45,No,Travel_Rarely,Sales,2,783,Male,2,Sales Representative,3,Single,6632,No,13,0,9,3,8,7,3
23,No,Travel_Rarely,Research & Development,10,784,Male,1,Research Scientist,3,Single,3505,No,18,0,2,3,2,2,0
47,Yes,Travel_Frequently,Sales,27,785,Female,2,Sales Executive,3,Single,6397,Yes,12,0,8,3,5,4,1
34,No,Travel_Rarely,Sales,2,786,Male,2,Sales Executive,4,Single,6274,No,22,0,6,3,6,5,1
55,Yes,Travel_Rarely,Research & Development,2,787,Male,5,Manager,1,Married,19859,Yes,13,1,24,3,5,2,1
36,No,Non-Travel,Sales,8,789,Male,3,Sales Executive,1,Single,7587,No,15,0,10,3,10,7,0
52,No,Non-Travel,Research & Development,19,791,Male,1,Research Scientist,4,Married,4258,No,18,1,5,3,4,3,1
26,No,Travel_Frequently,Research & Development,1,792,Female,1,Laboratory Technician,4,Divorced,4364,No,14,1,5,3,2,2,2
29,No,Travel_Rarely,Research & Development,27,793,Female,2,Healthcare Representative,3,Married,4335,No,12,1,11,2,8,7,1
26,Yes,Travel_Rarely,Sales,8,796,Male,2,Sales Executive,1,Single,5326,No,17,0,6,2,4,3,1
34,No,Travel_Rarely,Research & Development,1,797,Female,1,Research Scientist,4,Single,3280,No,16,0,10,3,4,2,1
54,No,Travel_Rarely,Research & Development,19,799,Female,2,Manufacturing Director,1,Divorced,5485,Yes,11,2,9,3,5,3,1
27,No,Travel_Frequently,Sales,8,800,Male,2,Sales Executive,4,Married,4342,No,19,1,5,3,4,2,1
37,No,Travel_Rarely,Research & Development,10,802,Female,1,Research Scientist,1,Divorced,2782,Yes,13,2,6,2,5,3,4
38,No,Travel_Frequently,Research & Development,2,803,Female,2,Manufacturing Director,1,Single,5980,Yes,12,0,17,3,15,7,4
34,No,Travel_Rarely,Research & Development,2,804,Female,1,Research Scientist,1,Single,4381,No,11,0,6,3,6,5,1
35,No,Travel_Rarely,Sales,8,805,Female,1,Sales Representative,4,Married,2572,No,16,1,3,2,3,2,0
30,No,Travel_Rarely,Research & Development,1,806,Male,1,Laboratory Technician,3,Married,3833,No,21,2,7,3,2,2,0
40,No,Travel_Frequently,Research & Development,2,807,Female,2,Healthcare Representative,2,Married,4244,No,24,1,8,3,8,7,3
34,No,Travel_Rarely,Sales,8,808,Female,2,Sales Executive,1,Married,6500,No,17,1,6,3,3,2,1
42,No,Travel_Frequently,Research & Development,8,809,Male,5,Manager,4,Divorced,18430,No,13,1,24,2,24,7,14
23,Yes,Travel_Rarely,Research & Development,6,811,Male,1,Laboratory Technician,1,Married,1601,Yes,21,2,1,3,0,0,0
24,No,Non-Travel,Research & Development,9,812,Male,1,Laboratory Technician,2,Divorced,2694,No,11,3,1,3,1,0,0
52,No,Travel_Rarely,Research & Development,11,813,Female,2,Laboratory Technician,3,Married,3149,No,20,1,9,3,5,2,1
50,No,Travel_Rarely,Research & Development,2,815,Male,4,Research Director,3,Married,17639,No,16,0,30,3,4,3,0
29,Yes,Travel_Rarely,Research & Development,1,816,Female,1,Laboratory Technician,1,Married,2319,Yes,11,1,1,3,1,0,0
33,No,Travel_Rarely,Research & Development,7,817,Male,3,Research Director,3,Married,11691,No,11,0,14,4,13,9,3
33,Yes,Travel_Rarely,Sales,16,819,Female,2,Sales Executive,1,Single,5324,No,15,0,6,3,3,2,0
47,No,Travel_Rarely,Research & Development,2,820,Female,4,Manager,4,Married,16752,Yes,11,1,26,2,26,14,3
36,No,Travel_Rarely,Research & Development,1,823,Female,2,Manufacturing Director,2,Married,5228,No,15,1,10,3,9,7,0
29,No,Travel_Rarely,Research & Development,23,824,Male,1,Research Scientist,3,Married,2700,No,24,1,10,3,10,7,0
58,Yes,Travel_Rarely,Research & Development,2,825,Male,5,Research Director,2,Single,19246,Yes,12,0,40,3,31,15,13
35,No,Travel_Rarely,Research & Development,1,826,Female,1,Research Scientist,3,Single,2506,No,13,0,7,3,2,2,2
42,No,Travel_Rarely,Research & Development,1,827,Female,2,Manufacturing Director,4,Married,6062,Yes,13,1,8,3,4,3,0
28,Yes,Travel_Rarely,Research & Development,2,828,Male,1,Research Scientist,3,Single,4382,No,17,0,5,2,2,2,2
36,No,Travel_Rarely,Human Resources,13,829,Male,1,Human Resources,2,Married,2143,No,13,1,8,3,5,2,0
32,No,Travel_Rarely,Research & Development,4,830,Female,2,Manufacturing Director,3,Married,6162,No,12,1,14,3,14,13,6
40,No,Travel_Frequently,Research & Development,16,832,Male,2,Laboratory Technician,3,Single,5094,No,14,0,10,3,1,0,0
30,No,Travel_Rarely,Research & Development,2,833,Female,2,Manufacturing Director,4,Single,6877,Yes,24,0,12,2,0,0,0
45,No,Travel_Rarely,Research & Development,2,834,Female,1,Research Scientist,3,Single,2274,No,14,0,1,3,1,0,0
42,No,Travel_Rarely,Research & Development,29,836,Male,2,Manufacturing Director,2,Married,4434,No,13,1,10,2,9,8,7
38,No,Travel_Frequently,Research & Development,12,837,Male,2,Healthcare Representative,1,Divorced,6288,No,15,1,13,2,4,3,1
34,No,Travel_Frequently,Research & Development,16,838,Female,1,Research Scientist,4,Single,2553,No,16,0,6,3,5,2,1
49,Yes,Travel_Rarely,Sales,11,840,Female,3,Sales Executive,4,Married,7654,No,18,2,9,4,9,8,7
55,Yes,Travel_Rarely,Sales,2,842,Male,2,Sales Executive,4,Single,5160,No,16,0,12,2,9,7,7
43,No,Travel_Rarely,Research & Development,14,843,Male,4,Research Director,1,Married,17159,No,24,1,22,3,4,1,1
27,No,Travel_Rarely,Research & Development,5,844,Male,3,Research Director,4,Divorced,12808,Yes,16,1,9,3,9,8,0
35,No,Travel_Rarely,Research & Development,7,845,Male,3,Manufacturing Director,3,Single,10221,No,21,0,17,4,8,5,1
28,No,Travel_Rarely,Sales,2,846,Female,2,Sales Executive,2,Married,4779,Yes,20,0,8,3,8,7,7
34,No,Travel_Rarely,Human Resources,3,847,Male,1,Human Resources,4,Married,3737,No,19,1,4,1,3,2,0
26,Yes,Travel_Frequently,Research & Development,5,848,Female,1,Research Scientist,3,Married,2366,Yes,14,1,8,3,8,7,1
27,No,Non-Travel,Research & Development,3,850,Male,1,Research Scientist,4,Married,1706,No,11,3,0,2,0,0,0
51,No,Travel_Rarely,Sales,26,851,Female,4,Manager,3,Married,16307,No,14,1,29,2,20,6,4
44,No,Travel_Rarely,Research & Development,4,852,Male,2,Healthcare Representative,2,Single,5933,No,12,0,10,2,5,2,2
25,No,Travel_Rarely,Research & Development,2,854,Male,1,Research Scientist,1,Single,3424,No,13,0,6,2,4,3,0
33,No,Travel_Rarely,Sales,1,855,Male,2,Sales Executive,1,Divorced,4037,No,22,1,9,3,9,8,0
35,No,Travel_Rarely,Research & Development,27,856,Female,1,Research Scientist,1,Single,2559,No,11,0,6,2,6,5,1
36,No,Travel_Rarely,Sales,1,857,Male,2,Sales Executive,4,Married,6201,Yes,14,1,18,2,18,14,4
32,No,Travel_Rarely,Sales,13,859,Male,2,Sales Executive,4,Divorced,4403,No,11,1,8,2,5,2,0
30,No,Travel_Frequently,Research & Development,5,861,Male,1,Research Scientist,4,Divorced,3761,No,12,1,10,2,5,4,0
53,No,Travel_Rarely,Sales,7,862,Female,3,Sales Executive,4,Married,10934,Yes,18,1,35,3,5,2,0
45,No,Travel_Rarely,Sales,9,864,Male,3,Sales Executive,1,Divorced,10761,Yes,12,1,18,3,5,4,0
32,No,Travel_Rarely,Research & Development,8,865,Female,2,Research Scientist,3,Married,5175,No,12,1,9,2,5,3,1
52,No,Travel_Frequently,Research & Development,25,867,Female,4,Manufacturing Director,4,Married,13826,No,22,0,31,3,9,8,0
37,No,Travel_Rarely,Sales,16,868,Male,2,Sales Executive,3,Divorced,6334,No,19,2,9,3,1,0,0
28,No,Travel_Rarely,Human Resources,8,869,Male,1,Human Resources,4,Divorced,4936,No,13,1,6,3,5,1,0
22,No,Travel_Rarely,Research & Development,1,872,Male,2,Manufacturing Director,4,Married,4775,No,22,2,4,1,2,2,2
44,No,Travel_Rarely,Research & Development,8,874,Male,1,Laboratory Technician,4,Married,2818,Yes,24,1,10,2,3,2,0
42,No,Travel_Frequently,Research & Development,2,875,Male,1,Research Scientist,4,Single,2515,Yes,14,0,8,3,2,1,2
36,No,Travel_Rarely,Human Resources,8,878,Male,1,Human Resources,1,Married,2342,No,21,0,6,3,5,4,0
25,No,Travel_Rarely,Sales,3,879,Male,2,Sales Executive,1,Married,4194,Yes,18,0,5,3,5,3,0
35,No,Travel_Rarely,Research & Development,9,880,Female,3,Manufacturing Director,3,Married,10685,Yes,20,1,17,3,17,14,5
35,Yes,Travel_Frequently,Research & Development,25,881,Female,1,Research Scientist,2,Divorced,2022,Yes,19,1,10,2,10,2,7
32,No,Non-Travel,Research & Development,1,882,Male,1,Laboratory Technician,4,Divorced,2314,No,12,1,4,3,3,0,0
25,No,Travel_Rarely,Sales,4,885,Male,2,Sales Executive,1,Married,4256,No,12,0,5,4,5,2,0
49,No,Travel_Rarely,Research & Development,1,887,Female,1,Research Scientist,1,Married,3580,No,16,1,7,3,4,2,0
24,No,Non-Travel,Research & Development,4,888,Male,1,Laboratory Technician,4,Married,3162,No,17,0,6,2,5,2,3
32,No,Travel_Frequently,Sales,5,889,Male,2,Sales Executive,2,Married,6524,No,14,1,10,3,10,8,5
38,No,Travel_Rarely,Sales,9,893,Male,1,Sales Representative,2,Married,2899,No,19,1,3,3,2,2,1
42,No,Travel_Rarely,Research & Development,3,894,Female,2,Laboratory Technician,4,Married,5231,Yes,13,1,17,2,5,3,1
31,No,Travel_Rarely,Research & Development,11,895,Male,1,Research Scientist,4,Married,2356,Yes,19,1,8,3,6,4,0
29,Yes,Travel_Rarely,Sales,1,896,Female,1,Sales Representative,3,Divorced,2800,Yes,19,3,5,3,3,2,0
53,No,Travel_Rarely,Sales,8,897,Male,4,Sales Executive,4,Married,11836,No,14,1,28,3,2,0,2
35,No,Travel_Rarely,Research & Development,25,899,Male,3,Manufacturing Director,2,Married,10903,No,16,0,16,3,13,10,4
37,No,Travel_Frequently,Sales,21,900,Female,1,Sales Representative,4,Married,2973,No,15,1,10,3,5,4,0
53,No,Travel_Rarely,Research & Development,23,901,Female,4,Research Director,4,Single,14275,No,18,0,33,3,12,9,3
43,No,Travel_Frequently,Research & Development,1,902,Female,2,Healthcare Representative,4,Married,5562,No,13,1,12,2,5,2,2
47,No,Travel_Rarely,Sales,2,903,Female,2,Sales Executive,4,Married,4537,Yes,22,1,8,3,7,6,7
37,No,Non-Travel,Sales,19,904,Male,3,Sales Executive,2,Single,7642,Yes,13,0,10,3,10,0,0
50,No,Non-Travel,Research & Development,2,905,Male,4,Manager,1,Divorced,17924,No,11,1,31,3,31,6,14
39,No,Travel_Rarely,Human Resources,2,909,Female,2,Human Resources,4,Married,5204,No,11,2,13,3,5,4,0
33,No,Travel_Rarely,Human Resources,3,910,Male,1,Human Resources,2,Divorced,2277,Yes,11,1,7,4,4,3,0
32,Yes,Travel_Rarely,Research & Development,25,911,Male,1,Laboratory Technician,4,Single,2795,Yes,24,0,1,1,1,0,0
29,No,Travel_Rarely,Research & Development,7,912,Female,1,Laboratory Technician,4,Divorced,2532,No,14,3,8,3,4,3,0
44,No,Travel_Rarely,Research & Development,9,913,Male,1,Research Scientist,1,Married,2559,Yes,13,0,8,3,8,7,7
28,No,Travel_Rarely,Sales,5,916,Male,2,Sales Executive,4,Single,4908,No,14,0,4,3,4,2,0
58,Yes,Travel_Frequently,Research & Development,2,918,Male,1,Laboratory Technician,4,Divorced,2380,Yes,14,1,3,2,1,0,0
43,No,Travel_Rarely,Research & Development,8,920,Female,2,Manufacturing Director,2,Divorced,4765,No,21,1,4,4,1,0,0
20,Yes,Travel_Rarely,Sales,2,922,Female,1,Sales Representative,3,Single,2044,No,13,0,2,2,2,2,0
21,Yes,Travel_Rarely,Research & Development,18,923,Female,1,Research Scientist,4,Single,2693,No,19,0,1,2,1,0,0
36,No,Travel_Rarely,Research & Development,14,924,Male,2,Healthcare Representative,4,Married,6586,Yes,17,1,17,2,16,8,4
47,No,Travel_Rarely,Sales,2,925,Female,1,Sales Representative,4,Single,3294,Yes,18,0,3,2,3,2,1
22,Yes,Travel_Rarely,Research & Development,3,926,Female,2,Manufacturing Director,3,Married,4171,Yes,19,1,4,4,3,2,0
41,Yes,Travel_Rarely,Research & Development,2,927,Female,1,Laboratory Technician,4,Divorced,2778,Yes,13,1,10,2,7,7,1
28,No,Travel_Rarely,Research & Development,9,930,Female,1,Research Scientist,3,Divorced,2377,No,18,1,6,3,2,2,2
39,Yes,Travel_Rarely,Research & Development,6,932,Male,1,Laboratory Technician,1,Married,2404,Yes,21,0,8,1,2,2,2
27,No,Travel_Rarely,Research & Development,4,933,Female,1,Research Scientist,3,Single,2318,No,19,0,1,3,1,1,0
34,No,Travel_Rarely,Research & Development,10,934,Male,1,Laboratory Technician,2,Divorced,2008,No,14,2,1,3,1,0,1
42,No,Travel_Rarely,Sales,14,936,Female,2,Sales Executive,3,Single,6244,No,17,0,10,3,5,4,0
33,No,Travel_Rarely,Research & Development,1,939,Male,1,Research Scientist,1,Single,2799,Yes,11,0,6,3,3,2,0
58,No,Travel_Rarely,Research & Development,5,940,Female,3,Healthcare Representative,2,Divorced,10552,Yes,13,1,24,3,6,0,0
31,No,Travel_Rarely,Sales,7,941,Male,1,Sales Representative,3,Married,2329,No,15,0,13,4,7,7,5
35,No,Travel_Rarely,Research & Development,21,942,Female,2,Healthcare Representative,4,Married,4014,Yes,25,1,10,1,10,6,0
49,No,Travel_Rarely,Research & Development,8,944,Female,3,Laboratory Technician,2,Married,7403,No,11,1,29,2,26,9,1
48,No,Travel_Rarely,Research & Development,20,945,Male,1,Research Scientist,3,Married,2259,No,17,2,13,2,0,0,0
31,No,Non-Travel,Sales,20,947,Female,2,Sales Executive,3,Married,6932,No,13,1,9,2,9,8,0
36,No,Travel_Rarely,Research & Development,7,949,Male,1,Research Scientist,4,Single,4678,No,18,0,8,3,6,2,0
38,No,Travel_Rarely,Research & Development,1,950,Female,3,Research Director,1,Married,13582,No,13,1,15,3,15,12,5
32,No,Non-Travel,Research & Development,1,951,Female,1,Laboratory Technician,2,Married,2332,No,20,0,5,3,3,0,0
25,Yes,Travel_Rarely,Sales,19,952,Male,1,Sales Representative,2,Married,2413,Yes,18,3,1,3,1,0,0
40,No,Travel_Rarely,Sales,10,954,Male,3,Sales Executive,2,Divorced,9705,No,12,1,11,2,1,0,0
26,No,Travel_Frequently,Sales,1,956,Male,2,Sales Executive,1,Single,4294,No,12,0,7,3,7,7,0
41,No,Travel_Rarely,Research & Development,6,957,Male,1,Laboratory Technician,1,Single,4721,Yes,13,0,20,3,18,13,2
36,No,Travel_Rarely,Research & Development,2,958,Male,1,Laboratory Technician,3,Single,2519,No,21,0,16,3,11,8,3
19,Yes,Travel_Rarely,Sales,21,959,Male,1,Sales Representative,2,Single,2121,Yes,13,0,1,4,1,0,0
20,Yes,Travel_Rarely,Research & Development,4,960,Male,1,Laboratory Technician,1,Single,2973,No,19,0,1,3,1,0,0
31,No,Travel_Rarely,Research & Development,12,961,Female,2,Healthcare Representative,4,Married,5855,Yes,11,2,10,1,9,7,8
40,No,Travel_Frequently,Research & Development,9,964,Male,1,Research Scientist,2,Divorced,3617,Yes,14,1,3,3,1,1,0
32,No,Travel_Rarely,Research & Development,3,966,Female,2,Manufacturing Director,1,Married,6725,No,12,1,8,4,8,7,6
36,Yes,Travel_Rarely,Sales,3,967,Male,3,Sales Executive,4,Married,10325,Yes,11,1,16,3,16,7,3
33,No,Travel_Rarely,Research & Development,1,969,Female,2,Healthcare Representative,4,Single,6949,No,14,0,6,3,5,0,1
37,Yes,Travel_Rarely,Sales,1,970,Male,3,Sales Executive,3,Married,10609,No,11,0,17,1,14,1,11
45,No,Non-Travel,Research & Development,4,972,Male,2,Laboratory Technician,2,Married,4447,No,12,0,9,2,9,7,0
29,No,Travel_Frequently,Sales,20,974,Female,1,Sales Representative,4,Married,2157,No,15,1,3,3,3,1,0
35,No,Travel_Rarely,Sales,18,975,Female,2,Sales Executive,3,Married,4601,No,16,0,5,3,5,2,1
52,No,Travel_Rarely,Research & Development,1,976,Male,4,Manager,4,Married,17099,No,15,1,26,2,9,8,7
58,Yes,Travel_Rarely,Research & Development,2,977,Male,1,Research Scientist,3,Single,2479,No,24,0,7,3,1,0,0
53,No,Travel_Rarely,Sales,2,981,Male,4,Manager,3,Divorced,14852,No,13,1,22,4,17,13,15
30,No,Travel_Rarely,Sales,8,982,Male,3,Sales Executive,3,Divorced,7264,No,11,1,10,4,8,4,7
38,No,Non-Travel,Sales,10,983,Female,2,Sales Executive,4,Single,5666,Yes,13,0,6,3,5,3,1
35,No,Travel_Rarely,Sales,3,984,Male,3,Sales Executive,4,Divorced,7823,No,13,1,12,3,10,9,0
39,No,Travel_Rarely,Sales,2,985,Male,3,Sales Executive,3,Single,7880,No,18,0,9,3,8,7,0
40,Yes,Non-Travel,Sales,24,986,Female,4,Sales Executive,2,Single,13194,Yes,16,0,22,2,1,0,0
47,No,Travel_Frequently,Research & Development,16,987,Male,2,Manufacturing Director,3,Divorced,5067,Yes,19,0,20,4,19,10,2
36,No,Non-Travel,Sales,8,990,Male,2,Sales Executive,4,Divorced,5079,No,13,2,12,3,7,7,0
31,Yes,Non-Travel,Research & Development,9,991,Male,1,Research Scientist,1,Single,2321,Yes,22,0,4,3,3,2,1
33,No,Non-Travel,Sales,17,992,Male,4,Manager,3,Single,17444,No,11,0,10,3,10,8,6
29,Yes,Travel_Rarely,Research & Development,10,994,Female,1,Research Scientist,1,Single,2404,Yes,20,0,3,3,0,0,0
33,No,Travel_Rarely,Research & Development,13,995,Female,1,Research Scientist,4,Single,3452,No,18,0,5,3,3,2,0
45,No,Travel_Rarely,Research & Development,1,996,Female,1,Laboratory Technician,4,Divorced,2270,No,14,2,8,3,5,3,0
50,No,Travel_Rarely,Research & Development,1,997,Male,4,Research Director,4,Divorced,17399,No,22,1,32,2,5,4,1
33,No,Travel_Frequently,Research & Development,1,998,Female,2,Healthcare Representative,2,Married,5488,Yes,13,1,6,3,6,5,1
41,No,Travel_Frequently,Research & Development,9,999,Male,5,Research Director,3,Divorced,19419,No,17,1,21,4,18,16,0
27,No,Travel_Rarely,Research & Development,16,1001,Female,1,Laboratory Technician,2,Married,2811,No,14,1,4,3,2,2,2
45,No,Non-Travel,Research & Development,23,1002,Male,2,Laboratory Technician,1,Married,3633,Yes,15,1,9,3,9,8,0
47,No,Travel_Rarely,Sales,4,1003,Female,2,Sales Executive,4,Single,4163,Yes,17,0,9,3,9,0,0
30,Yes,Travel_Rarely,Research & Development,22,1004,Female,1,Research Scientist,3,Married,2132,Yes,11,0,7,3,5,2,0
50,No,Travel_Rarely,Research & Development,24,1005,Male,4,Manufacturing Director,3,Married,13973,Yes,18,1,22,3,12,11,1
38,No,Travel_Frequently,Research & Development,10,1006,Male,1,Research Scientist,3,Married,2684,No,17,1,3,2,2,1,0
46,No,Travel_Rarely,Research & Development,7,1007,Male,3,Manufacturing Director,3,Divorced,10845,No,13,1,13,3,8,7,0
24,No,Travel_Rarely,Research & Development,17,1009,Female,2,Manufacturing Director,3,Divorced,4377,No,15,2,5,3,4,2,3
35,Yes,Travel_Rarely,Research & Development,14,1010,Male,1,Laboratory Technician,2,Divorced,3743,Yes,24,1,5,1,4,2,0
31,No,Travel_Frequently,Research & Development,1,1011,Female,2,Manufacturing Director,1,Married,4148,No,12,1,4,3,4,3,0
18,No,Non-Travel,Research & Development,5,1012,Male,1,Research Scientist,4,Single,1051,No,15,0,0,3,0,0,0
54,No,Travel_Rarely,Research & Development,17,1013,Female,3,Manufacturing Director,3,Married,10739,No,11,1,22,3,10,7,0
35,No,Travel_Rarely,Research & Development,25,1014,Female,3,Healthcare Representative,3,Divorced,10388,Yes,11,1,16,2,16,10,10
30,No,Travel_Rarely,Research & Development,8,1015,Female,3,Research Director,1,Married,11416,Yes,12,3,9,2,8,7,1
20,Yes,Travel_Rarely,Research & Development,11,1016,Female,1,Research Scientist,1,Single,2600,Yes,15,0,1,3,1,0,0
30,Yes,Travel_Frequently,Research & Development,5,1017,Female,1,Laboratory Technician,2,Single,2422,No,17,0,4,3,3,2,1
26,No,Travel_Rarely,Research & Development,2,1018,Male,2,Manufacturing Director,4,Married,5472,No,12,0,8,3,8,7,1
22,No,Travel_Rarely,Research & Development,8,1019,Male,1,Laboratory Technician,1,Married,2451,No,15,1,4,2,4,3,1
48,No,Travel_Rarely,Research & Development,6,1022,Male,2,Healthcare Representative,3,Single,4240,No,13,0,19,3,2,2,2
48,No,Travel_Rarely,Research & Development,4,1024,Male,3,Healthcare Representative,3,Single,10999,No,14,0,27,3,15,11,4
41,No,Travel_Rarely,Research & Development,7,1025,Female,2,Manufacturing Director,3,Single,5003,No,14,0,8,3,2,2,2
39,No,Travel_Rarely,Research & Development,1,1026,Female,4,Manufacturing Director,4,Married,12742,No,16,1,21,3,21,6,11
27,No,Travel_Rarely,Research & Development,2,1027,Female,2,Manufacturing Director,4,Married,4227,No,18,1,4,3,3,2,2
35,No,Travel_Rarely,Research & Development,10,1028,Male,1,Laboratory Technician,4,Divorced,3917,No,20,1,3,2,3,2,1
42,No,Travel_Rarely,Sales,5,1029,Male,5,Manager,3,Married,18303,No,13,0,21,4,1,0,0
50,No,Travel_Rarely,Research & Development,9,1030,Male,1,Laboratory Technician,4,Married,2380,No,18,0,8,3,1,0,0
59,No,Travel_Rarely,Research & Development,2,1032,Female,4,Manufacturing Director,4,Single,13726,Yes,13,0,30,3,5,3,4
37,Yes,Travel_Rarely,Research & Development,11,1033,Female,2,Healthcare Representative,2,Married,4777,No,15,0,15,1,1,0,0
55,No,Travel_Frequently,Research & Development,18,1034,Male,2,Healthcare Representative,2,Married,6385,Yes,14,2,17,3,8,7,6
41,No,Non-Travel,Research & Development,7,1035,Female,5,Research Director,3,Divorced,19973,No,22,2,21,3,21,16,5
38,No,Travel_Rarely,Sales,3,1036,Male,2,Sales Executive,4,Single,6861,Yes,12,0,19,3,1,0,0
26,Yes,Non-Travel,Sales,29,1037,Male,2,Sales Executive,1,Single,4969,No,18,0,7,3,2,2,2
52,Yes,Travel_Rarely,Sales,2,1038,Female,5,Manager,4,Married,19845,No,15,1,33,3,32,14,6
44,No,Travel_Rarely,Sales,28,1039,Female,4,Sales Executive,4,Married,13320,Yes,18,1,23,3,12,11,11
50,No,Non-Travel,Sales,1,1040,Female,2,Sales Executive,3,Married,6347,No,12,1,19,3,18,7,0
36,Yes,Travel_Rarely,Research & Development,16,1042,Female,1,Laboratory Technician,1,Single,2743,No,16,0,18,3,17,13,15
39,No,Travel_Frequently,Research & Development,22,1043,Female,3,Manufacturing Director,1,Single,10880,Yes,13,0,21,3,21,6,2
33,No,Non-Travel,Sales,8,1044,Female,1,Sales Representative,4,Single,2342,No,19,0,3,2,2,2,2
45,No,Travel_Rarely,Sales,11,1045,Female,4,Manager,4,Married,17650,No,13,1,26,4,9,3,1
32,No,Non-Travel,Research & Development,29,1046,Female,1,Laboratory Technician,3,Single,4025,No,12,0,10,3,8,7,7
34,No,Travel_Rarely,Sales,1,1047,Male,2,Sales Executive,4,Divorced,9725,No,11,1,16,2,15,1,0
59,No,Travel_Rarely,Sales,1,1048,Male,3,Manager,4,Married,11904,Yes,14,1,14,1,6,4,0
45,No,Travel_Rarely,Human Resources,24,1049,Male,1,Human Resources,2,Single,2177,No,16,0,6,3,6,3,0
53,No,Travel_Frequently,Sales,2,1050,Female,3,Sales Executive,2,Married,7525,No,12,1,30,3,15,7,6
36,Yes,Travel_Rarely,Research & Development,15,1052,Male,2,Laboratory Technician,3,Divorced,4834,No,14,1,9,2,1,0,0
26,Yes,Travel_Frequently,Research & Development,2,1053,Male,1,Research Scientist,1,Married,2042,Yes,14,1,6,3,3,2,1
34,No,Travel_Rarely,Sales,10,1055,Female,1,Sales Representative,3,Married,2220,Yes,19,1,1,3,1,1,0
28,No,Travel_Rarely,Sales,10,1056,Male,1,Sales Representative,2,Married,1052,No,22,0,1,3,1,0,0
38,No,Travel_Frequently,Research & Development,3,1060,Male,1,Research Scientist,3,Married,2821,No,16,1,8,3,2,2,2
50,No,Travel_Rarely,Research & Development,2,1061,Male,5,Research Director,3,Married,19237,Yes,11,1,29,2,8,1,7
37,No,Travel_Rarely,Research & Development,3,1062,Female,2,Healthcare Representative,2,Single,4107,No,15,0,8,2,4,3,0
40,No,Travel_Rarely,Sales,26,1066,Male,2,Sales Executive,1,Married,8396,No,14,1,8,2,7,7,7
26,No,Travel_Frequently,Research & Development,1,1068,Female,1,Research Scientist,3,Divorced,2007,No,13,2,5,3,5,3,1
46,No,Travel_Rarely,Research & Development,1,1069,Male,5,Research Director,4,Divorced,19627,No,17,2,23,3,2,2,2
54,No,Travel_Rarely,Sales,2,1070,Female,3,Sales Executive,3,Married,10686,No,11,1,13,3,9,4,7
56,No,Travel_Frequently,Research & Development,9,1071,Female,1,Research Scientist,3,Married,2942,No,19,1,18,3,5,4,0
36,No,Travel_Rarely,Research & Development,12,1073,Female,3,Manufacturing Director,4,Single,8858,No,11,0,15,2,14,8,7
55,No,Non-Travel,Research & Development,2,1074,Male,4,Manager,1,Single,16756,No,15,0,31,4,9,7,6
43,No,Travel_Rarely,Sales,25,1076,Male,3,Sales Executive,4,Divorced,10798,No,13,1,18,3,1,0,0
20,Yes,Travel_Frequently,Sales,9,1077,Female,1,Sales Representative,4,Single,2323,Yes,14,0,2,3,2,2,0
21,Yes,Travel_Rarely,Research & Development,10,1079,Female,1,Laboratory Technician,1,Single,1416,No,13,0,1,2,1,0,1
46,No,Travel_Rarely,Research & Development,8,1080,Female,2,Research Scientist,1,Divorced,4615,Yes,23,3,19,3,16,13,1
51,Yes,Travel_Rarely,Research & Development,4,1081,Male,1,Research Scientist,3,Married,2461,Yes,12,3,18,4,10,0,2
28,Yes,Non-Travel,Research & Development,24,1082,Male,3,Healthcare Representative,1,Single,8722,No,12,0,10,2,10,7,1
26,No,Travel_Rarely,Research & Development,1,1083,Male,1,Laboratory Technician,1,Married,3955,No,16,2,6,3,5,3,1
30,No,Travel_Rarely,Research & Development,20,1084,Male,2,Manufacturing Director,1,Married,9957,No,15,1,7,2,6,2,0
41,No,Travel_Rarely,Research & Development,7,1085,Female,1,Research Scientist,3,Married,3376,No,13,0,10,3,10,6,0
38,No,Travel_Rarely,Research & Development,17,1088,Female,3,Healthcare Representative,3,Married,8823,No,18,1,20,2,19,9,1
40,No,Travel_Rarely,Research & Development,20,1092,Male,3,Healthcare Representative,4,Married,10322,No,20,1,14,3,11,10,11
27,No,Non-Travel,Research & Development,8,1094,Male,1,Laboratory Technician,3,Married,4621,No,19,3,3,3,3,2,1
55,No,Travel_Frequently,Research & Development,2,1096,Male,3,Manufacturing Director,2,Married,10976,No,18,1,23,3,3,2,1
28,No,Travel_Rarely,Research & Development,10,1097,Female,2,Research Scientist,3,Single,3660,No,13,0,10,4,8,7,1
44,Yes,Travel_Rarely,Human Resources,1,1098,Male,3,Human Resources,1,Married,10482,No,14,1,24,3,20,6,3
33,No,Travel_Rarely,Research & Development,5,1099,Male,3,Healthcare Representative,4,Divorced,7119,No,15,1,9,3,3,2,1
35,Yes,Travel_Rarely,Sales,4,1100,Male,3,Sales Executive,1,Single,9582,Yes,22,0,9,3,8,7,4
33,Yes,Travel_Frequently,Research & Development,29,1101,Female,2,Research Scientist,3,Single,4508,No,22,0,14,3,13,7,3
28,No,Travel_Rarely,Research & Development,15,1102,Male,1,Laboratory Technician,3,Divorced,2207,No,16,1,4,2,4,2,2
34,No,Travel_Frequently,Research & Development,3,1103,Male,2,Healthcare Representative,4,Single,7756,No,17,0,7,2,6,2,0
37,No,Travel_Rarely,Sales,10,1105,Female,2,Sales Executive,4,Divorced,6694,Yes,14,3,8,3,1,0,0
25,Yes,Travel_Rarely,Research & Development,4,1106,Male,1,Laboratory Technician,4,Married,3691,Yes,15,1,7,4,7,7,5
26,Yes,Travel_Rarely,Research & Development,21,1107,Male,1,Laboratory Technician,3,Divorced,2377,No,20,1,1,2,1,1,0
33,Yes,Travel_Rarely,Research & Development,25,1108,Male,1,Research Scientist,2,Single,2313,Yes,20,0,5,3,2,2,2
42,No,Travel_Rarely,Research & Development,2,1109,Male,4,Manager,1,Married,17665,No,17,1,23,3,22,6,13
28,Yes,Travel_Frequently,Research & Development,1,1111,Male,1,Laboratory Technician,2,Divorced,2596,No,15,2,1,3,1,0,0
50,Yes,Travel_Frequently,Sales,1,1113,Male,2,Sales Executive,3,Single,4728,Yes,14,0,5,3,0,0,0
33,No,Travel_Frequently,Sales,7,1114,Female,2,Sales Executive,2,Married,4302,No,17,1,4,3,3,2,0
34,No,Non-Travel,Research & Development,3,1115,Male,1,Research Scientist,4,Married,2979,No,17,3,6,3,0,0,0
48,No,Non-Travel,Research & Development,1,1116,Male,4,Manager,4,Single,16885,No,22,0,27,2,5,4,2
45,No,Non-Travel,Sales,9,1117,Female,2,Sales Executive,3,Married,5593,No,13,1,15,3,15,10,4
52,No,Travel_Rarely,Research & Development,7,1118,Male,3,Healthcare Representative,2,Single,10445,No,19,0,18,3,8,6,4
38,No,Travel_Rarely,Sales,10,1119,Male,3,Sales Executive,3,Divorced,8740,Yes,14,2,9,3,8,7,2
29,No,Travel_Rarely,Research & Development,28,1120,Female,1,Research Scientist,4,Divorced,2514,No,22,1,11,3,7,5,1
28,No,Travel_Rarely,Research & Development,3,1121,Female,3,Manufacturing Director,2,Divorced,7655,No,17,3,10,2,9,7,1
46,No,Travel_Rarely,Sales,3,1124,Male,4,Manager,3,Married,17465,No,12,1,23,3,12,9,4
38,No,Travel_Rarely,Sales,2,1125,Male,3,Sales Executive,2,Single,7351,No,16,0,10,3,1,0,0
43,No,Travel_Frequently,Research & Development,27,1126,Female,3,Manufacturing Director,1,Married,10820,No,11,1,18,3,8,7,0
39,Yes,Travel_Frequently,Research & Development,2,1127,Male,4,Healthcare Representative,4,Divorced,12169,No,11,3,21,3,18,7,11
40,No,Travel_Rarely,Research & Development,14,1128,Male,5,Research Director,3,Single,19626,No,14,0,21,4,20,7,4
21,No,Travel_Rarely,Research & Development,1,1131,Female,1,Research Scientist,2,Single,2070,Yes,11,0,2,4,2,2,2
39,No,Non-Travel,Research & Development,9,1132,Male,2,Laboratory Technician,2,Single,6782,No,15,0,9,2,5,4,0
36,No,Non-Travel,Research & Development,18,1133,Male,2,Manufacturing Director,4,Single,7779,No,20,0,18,3,11,9,0
31,No,Travel_Frequently,Sales,20,1135,Male,1,Sales Representative,4,Married,2791,No,12,1,3,3,2,2,2
28,No,Travel_Rarely,Research & Development,2,1136,Male,1,Research Scientist,2,Married,3201,No,17,0,6,1,5,3,0
35,No,Travel_Frequently,Sales,11,1137,Male,2,Sales Executive,4,Divorced,4968,No,11,1,5,3,5,2,0
49,No,Travel_Rarely,Sales,8,1138,Male,4,Sales Executive,2,Married,13120,No,17,1,22,3,9,8,2
34,No,Travel_Frequently,Research & Development,2,1140,Male,2,Manufacturing Director,3,Single,4033,No,11,0,5,2,3,2,0
29,No,Travel_Frequently,Research & Development,10,1143,Female,1,Research Scientist,2,Divorced,3291,No,14,2,8,2,7,5,1
42,No,Travel_Rarely,Research & Development,29,1148,Male,2,Laboratory Technician,4,Single,4272,No,19,0,16,3,1,0,0
29,No,Travel_Rarely,Research & Development,8,1150,Male,2,Manufacturing Director,4,Married,5056,Yes,15,1,10,2,10,7,1
38,No,Travel_Rarely,Human Resources,1,1152,Male,1,Human Resources,3,Married,2844,No,13,1,7,4,7,6,5
28,No,Travel_Frequently,Research & Development,6,1154,Male,1,Research Scientist,3,Divorced,2703,Yes,14,1,3,3,3,1,0
18,Yes,Non-Travel,Research & Development,8,1156,Male,1,Laboratory Technician,3,Single,1904,No,12,0,0,3,0,0,0
33,Yes,Travel_Rarely,Sales,9,1157,Female,2,Sales Executive,1,Single,8224,Yes,17,0,6,3,5,2,0
41,No,Travel_Rarely,Research & Development,12,1158,Male,1,Laboratory Technician,4,Married,4766,Yes,11,1,6,3,1,0,0
31,Yes,Travel_Frequently,Research & Development,15,1160,Male,1,Laboratory Technician,3,Married,2610,No,12,1,2,2,2,2,2
37,No,Travel_Rarely,Research & Development,25,1161,Female,2,Healthcare Representative,4,Divorced,5731,No,13,2,9,3,6,2,1
27,No,Travel_Rarely,Research & Development,6,1162,Male,1,Research Scientist,3,Married,2539,No,13,1,4,3,4,2,2
34,No,Travel_Rarely,Sales,9,1163,Female,2,Sales Executive,3,Married,5714,No,20,0,6,2,6,5,1
35,No,Travel_Rarely,Human Resources,8,1164,Male,1,Human Resources,3,Single,4323,No,17,0,6,1,5,4,1
29,Yes,Travel_Rarely,Sales,23,1165,Female,3,Sales Executive,1,Married,7336,No,13,1,11,1,11,8,3
40,No,Travel_Frequently,Research & Development,9,1166,Female,3,Research Director,3,Single,13499,No,17,0,20,2,18,7,2
42,Yes,Travel_Frequently,Sales,12,1167,Male,4,Sales Executive,1,Single,13758,Yes,12,0,22,2,21,9,13
42,No,Travel_Rarely,Sales,4,1171,Male,2,Sales Executive,1,Single,5155,No,13,0,9,4,6,4,1
35,No,Travel_Rarely,Research & Development,1,1172,Male,1,Laboratory Technician,3,Married,2258,No,12,1,10,3,8,0,1
24,No,Travel_Rarely,Research & Development,24,1173,Male,1,Laboratory Technician,2,Single,3597,No,22,0,6,3,4,3,1
28,Yes,Travel_Rarely,Research & Development,12,1175,Female,1,Laboratory Technician,4,Married,2515,Yes,11,0,1,2,1,1,0
26,No,Travel_Rarely,Research & Development,3,1177,Male,1,Laboratory Technician,4,Married,4420,No,22,1,8,3,8,7,0
30,No,Travel_Rarely,Sales,10,1179,Male,2,Sales Executive,3,Married,6578,No,18,1,10,3,10,3,1
40,No,Travel_Frequently,Research & Development,26,1180,Female,2,Research Scientist,4,Married,4422,Yes,13,1,16,1,1,1,0
35,No,Travel_Rarely,Research & Development,2,1182,Male,3,Manufacturing Director,2,Divorced,10274,No,18,1,15,4,7,7,6
34,No,Travel_Frequently,Research & Development,1,1184,Male,2,Healthcare Representative,1,Single,5343,No,20,0,14,3,13,9,4
35,No,Travel_Frequently,Research & Development,4,1185,Male,1,Laboratory Technician,4,Married,2376,No,13,1,2,4,2,2,2
43,Yes,Travel_Rarely,Sales,9,1188,Female,2,Sales Executive,3,Single,5346,No,13,0,7,2,4,3,1
32,No,Non-Travel,Sales,2,1190,Female,1,Sales Representative,1,Divorced,2827,No,12,3,1,3,1,0,0
56,No,Travel_Rarely,Research & Development,4,1191,Female,5,Manager,1,Divorced,19943,No,13,1,28,3,5,2,4
29,No,Travel_Rarely,Research & Development,6,1192,Female,1,Laboratory Technician,4,Married,3131,No,13,1,10,3,10,8,0
19,No,Travel_Rarely,Research & Development,9,1193,Male,1,Research Scientist,1,Single,2552,No,25,0,1,3,1,1,0
45,No,Travel_Rarely,Research & Development,7,1195,Female,1,Research Scientist,3,Married,4477,Yes,19,1,7,2,3,2,0
37,No,Travel_Rarely,Research & Development,1,1196,Female,2,Manufacturing Director,4,Married,6474,No,13,1,14,2,14,8,3
20,No,Travel_Rarely,Research & Development,3,1198,Male,1,Laboratory Technician,3,Single,3033,No,12,0,2,2,2,2,1
44,Yes,Travel_Rarely,Research & Development,10,1200,Male,1,Research Scientist,3,Single,2936,Yes,11,0,6,3,6,4,0
53,No,Travel_Rarely,Research & Development,7,1201,Female,5,Manager,3,Divorced,18606,No,18,1,26,3,7,7,4
29,No,Travel_Rarely,Research & Development,15,1202,Female,1,Research Scientist,4,Married,2168,Yes,18,1,6,2,5,4,1
22,Yes,Travel_Frequently,Research & Development,3,1203,Male,1,Research Scientist,4,Married,2853,Yes,11,1,1,3,0,0,0
46,No,Travel_Rarely,Sales,2,1204,Female,4,Manager,1,Married,17048,No,23,0,28,3,26,15,15
44,No,Non-Travel,Research & Development,17,1206,Male,1,Research Scientist,3,Single,2290,No,13,0,6,3,0,0,0
33,No,Travel_Rarely,Human Resources,2,1207,Male,1,Human Resources,3,Married,3600,No,13,1,5,3,5,4,1
41,Yes,Non-Travel,Research & Development,5,1210,Male,1,Research Scientist,1,Divorced,2107,No,17,1,5,1,1,0,0
30,No,Travel_Rarely,Sales,29,1211,Male,2,Sales Executive,1,Divorced,4115,No,19,3,8,3,4,3,0
40,No,Travel_Frequently,Sales,2,1212,Male,2,Sales Executive,2,Married,4327,No,12,3,5,3,0,0,0
50,No,Travel_Frequently,Research & Development,2,1215,Female,4,Manager,1,Married,17856,No,22,1,32,3,2,2,2
28,No,Travel_Rarely,Research & Development,19,1216,Male,1,Laboratory Technician,1,Married,3196,No,12,3,6,3,6,5,3
46,No,Travel_Rarely,Research & Development,15,1217,Male,5,Research Director,2,Married,19081,No,11,1,25,3,4,2,0
35,No,Travel_Rarely,Sales,17,1218,Male,2,Sales Executive,1,Married,8966,Yes,15,3,15,3,7,7,1
24,Yes,Travel_Rarely,Research & Development,17,1219,Female,1,Laboratory Technician,2,Married,2210,No,13,1,1,1,1,0,0
33,No,Travel_Frequently,Sales,25,1220,Female,2,Sales Executive,3,Married,4539,No,12,1,10,2,10,7,0
36,No,Travel_Rarely,Research & Development,6,1221,Male,1,Laboratory Technician,3,Divorced,2741,No,14,1,7,3,7,7,1
30,No,Travel_Rarely,Research & Development,7,1224,Male,2,Laboratory Technician,3,Divorced,3491,No,13,3,10,2,10,7,8
44,No,Travel_Rarely,Research & Development,29,1225,Male,2,Research Scientist,4,Single,4541,No,25,0,20,3,20,11,13
20,No,Travel_Rarely,Sales,21,1226,Male,1,Sales Representative,4,Single,2678,No,17,0,2,3,2,1,2
46,No,Travel_Rarely,Research & Development,2,1228,Male,2,Manufacturing Director,4,Divorced,7379,No,11,1,12,2,6,3,1
42,No,Non-Travel,Human Resources,2,1231,Male,2,Human Resources,1,Married,6272,No,16,1,10,4,4,3,0
60,No,Travel_Rarely,Sales,7,1233,Male,2,Sales Executive,4,Divorced,5220,Yes,18,1,12,3,11,7,1
32,No,Travel_Frequently,Research & Development,13,1234,Female,1,Laboratory Technician,2,Married,2743,No,20,1,2,3,2,2,2
32,No,Travel_Frequently,Research & Development,2,1235,Female,2,Research Scientist,3,Single,4998,Yes,14,0,10,3,8,7,0
36,No,Travel_Rarely,Research & Development,1,1237,Female,3,Manufacturing Director,1,Divorced,10252,Yes,21,1,17,3,7,7,7
33,No,Travel_Rarely,Research & Development,9,1238,Male,1,Research Scientist,4,Married,2781,No,13,1,15,3,14,10,4
40,No,Travel_Rarely,Sales,10,1239,Female,2,Sales Executive,2,Divorced,6852,No,12,1,7,4,5,1,1
25,No,Travel_Rarely,Sales,10,1240,Male,2,Sales Executive,4,Single,4950,No,14,0,5,3,4,3,1
30,No,Travel_Rarely,Research & Development,1,1241,Male,1,Research Scientist,2,Married,3579,Yes,21,1,12,3,11,9,5
42,No,Travel_Frequently,Research & Development,26,1242,Female,3,Research Director,1,Married,13191,Yes,17,0,20,3,1,0,0
35,No,Non-Travel,Sales,8,1243,Female,3,Sales Executive,4,Married,10377,Yes,11,1,16,2,13,2,4
27,No,Travel_Rarely,Research & Development,14,1244,Male,1,Research Scientist,1,Married,2235,Yes,14,2,9,2,9,7,6
54,No,Travel_Frequently,Research & Development,1,1245,Female,3,Manufacturing Director,3,Divorced,10502,No,17,1,33,1,5,4,1
44,No,Travel_Rarely,Research & Development,2,1246,Female,1,Research Scientist,4,Married,2011,No,13,1,10,3,10,5,7
19,Yes,Non-Travel,Research & Development,10,1248,Female,1,Research Scientist,2,Single,1859,Yes,25,0,1,4,1,1,0
29,No,Travel_Rarely,Research & Development,1,1249,Female,1,Research Scientist,4,Divorced,3760,No,15,3,3,3,3,2,1
54,No,Travel_Rarely,Research & Development,3,1250,Male,4,Research Director,4,Married,17779,No,14,0,36,3,10,9,0
31,No,Travel_Rarely,Research & Development,11,1251,Male,2,Healthcare Representative,1,Married,6833,Yes,12,0,6,2,6,5,0
31,No,Travel_Rarely,Research & Development,24,1252,Female,2,Healthcare Representative,1,Single,6812,No,19,0,10,3,10,9,1
59,No,Travel_Rarely,Sales,3,1254,Female,2,Sales Executive,4,Single,5171,No,17,0,13,3,6,1,0
43,No,Travel_Rarely,Research & Development,3,1255,Male,5,Research Director,4,Married,19740,No,14,1,25,3,8,7,0
49,No,Travel_Rarely,Research & Development,4,1256,Male,5,Manager,3,Married,18711,No,13,1,23,4,1,0,0
36,No,Travel_Frequently,Research & Development,3,1257,Male,1,Research Scientist,2,Married,3692,No,12,0,12,2,11,10,0
48,No,Travel_Rarely,Research & Development,2,1258,Male,1,Laboratory Technician,2,Single,2559,No,11,0,7,2,1,0,0
27,No,Travel_Rarely,Research & Development,4,1259,Male,1,Research Scientist,3,Divorced,2517,No,11,3,5,3,5,3,0
29,No,Travel_Rarely,Research & Development,7,1260,Male,2,Healthcare Representative,4,Divorced,6623,Yes,11,2,6,3,6,0,1
48,No,Travel_Rarely,Research & Development,1,1263,Male,5,Research Director,4,Single,18265,No,12,0,25,4,1,0,0
29,No,Travel_Rarely,Research & Development,1,1264,Female,4,Research Director,4,Divorced,16124,No,14,2,9,2,7,7,1
34,No,Travel_Rarely,Research & Development,20,1265,Female,1,Research Scientist,3,Married,2585,No,17,0,2,2,1,0,0
44,No,Travel_Rarely,Sales,5,1267,Male,5,Manager,2,Married,18213,No,11,1,26,3,22,9,3
33,No,Travel_Rarely,Sales,10,1268,Male,3,Sales Executive,3,Divorced,8380,Yes,14,2,10,3,9,8,0
19,No,Travel_Rarely,Research & Development,25,1269,Female,1,Research Scientist,4,Single,2994,Yes,12,0,1,3,1,0,0
23,No,Travel_Rarely,Research & Development,1,1270,Male,1,Research Scientist,3,Married,1223,No,22,1,1,3,1,0,0
25,Yes,Travel_Frequently,Sales,24,1273,Male,1,Sales Representative,4,Single,1118,Yes,14,0,1,3,1,0,1
26,No,Travel_Rarely,Research & Development,4,1275,Male,1,Research Scientist,4,Single,2875,Yes,20,0,8,2,8,5,2
45,Yes,Travel_Rarely,Sales,2,1277,Female,5,Manager,2,Single,18824,Yes,16,0,26,3,24,10,1
55,No,Non-Travel,Research & Development,8,1278,Male,4,Healthcare Representative,2,Divorced,13577,Yes,15,1,34,3,33,9,15
21,Yes,Travel_Frequently,Research & Development,10,1279,Female,1,Laboratory Technician,3,Single,2625,No,20,0,2,1,2,2,2
46,No,Travel_Rarely,Sales,4,1280,Female,5,Manager,2,Married,18789,No,14,1,26,3,11,4,0
34,No,Travel_Rarely,Sales,2,1281,Female,2,Sales Executive,1,Single,4538,Yes,12,0,4,3,3,2,0
51,No,Travel_Frequently,Sales,9,1282,Male,5,Manager,2,Divorced,19847,Yes,24,1,31,2,29,10,11
59,No,Travel_Rarely,Research & Development,18,1283,Male,3,Manufacturing Director,4,Single,10512,No,12,0,25,2,9,7,5
34,No,Travel_Frequently,Research & Development,19,1285,Female,2,Laboratory Technician,2,Divorced,4444,No,13,2,15,4,11,8,5
28,No,Travel_Frequently,Research & Development,1,1286,Male,1,Laboratory Technician,3,Single,2154,Yes,11,0,5,2,4,2,0
44,No,Travel_Rarely,Research & Development,4,1288,Male,5,Manager,1,Divorced,19190,No,14,2,26,2,25,9,14
34,No,Travel_Frequently,Human Resources,11,1289,Male,2,Human Resources,2,Married,4490,No,11,2,14,4,10,9,1
35,No,Travel_Rarely,Research & Development,6,1291,Male,1,Research Scientist,3,Married,3506,Yes,14,0,4,3,3,2,2
42,No,Travel_Rarely,Research & Development,7,1292,Female,2,Research Scientist,2,Married,2372,Yes,16,0,18,3,1,0,0
43,No,Travel_Rarely,Sales,4,1293,Female,3,Sales Executive,4,Single,10231,No,14,0,23,4,21,7,15
36,No,Travel_Rarely,Research & Development,2,1294,Female,2,Manufacturing Director,2,Single,5410,Yes,11,0,18,3,16,14,5
44,Yes,Travel_Rarely,Research & Development,15,1295,Female,3,Healthcare Representative,4,Married,7978,No,11,1,10,3,10,7,0
28,No,Travel_Frequently,Research & Development,2,1296,Male,1,Laboratory Technician,4,Married,3867,Yes,12,1,2,3,2,2,2
51,No,Travel_Frequently,Research & Development,6,1297,Female,1,Laboratory Technician,3,Single,2838,No,14,0,8,2,7,0,7
30,No,Non-Travel,Research & Development,9,1298,Female,2,Manufacturing Director,3,Single,4695,Yes,18,0,10,3,8,4,1
29,Yes,Travel_Rarely,Research & Development,7,1299,Female,1,Laboratory Technician,3,Divorced,3339,Yes,13,2,10,3,7,7,7
28,No,Travel_Rarely,Research & Development,1,1301,Male,1,Research Scientist,1,Single,2080,No,11,0,5,2,3,2,1
25,No,Travel_Rarely,Research & Development,1,1303,Female,1,Research Scientist,2,Single,2096,No,18,0,2,2,2,2,2
32,No,Travel_Rarely,Sales,8,1304,Male,2,Sales Executive,4,Married,6209,No,15,2,10,4,10,7,0
45,No,Travel_Frequently,Research & Development,25,1306,Female,5,Manager,2,Single,18061,No,22,0,22,3,0,0,0
39,No,Travel_Rarely,Research & Development,13,1307,Female,4,Manager,2,Divorced,17123,Yes,13,2,21,3,19,9,15
58,No,Travel_Rarely,Research & Development,23,1308,Male,1,Research Scientist,3,Divorced,2372,No,12,2,2,3,2,2,2
32,Yes,Travel_Rarely,Research & Development,7,1309,Male,2,Laboratory Technician,3,Married,4883,No,18,1,10,3,10,4,1
39,Yes,Travel_Rarely,Research & Development,23,1310,Male,1,Research Scientist,1,Single,3904,No,13,0,6,3,5,2,0
30,No,Travel_Rarely,Research & Development,6,1311,Female,2,Laboratory Technician,4,Married,4627,No,12,1,10,3,9,2,6
36,No,Travel_Rarely,Research & Development,10,1312,Female,3,Healthcare Representative,3,Married,7094,No,12,0,10,3,7,7,1
46,No,Travel_Rarely,Human Resources,1,1314,Female,1,Human Resources,1,Single,3423,No,12,0,10,4,7,6,5
28,No,Non-Travel,Research & Development,1,1315,Female,2,Laboratory Technician,4,Married,6674,No,11,3,10,3,9,8,7
50,No,Travel_Rarely,Research & Development,28,1317,Female,4,Research Director,1,Married,16880,Yes,11,0,25,3,3,2,1
40,Yes,Travel_Rarely,Sales,25,1318,Male,3,Sales Executive,2,Single,9094,Yes,12,0,9,3,5,4,1
52,Yes,Travel_Rarely,Sales,5,1319,Male,3,Sales Executive,2,Single,8446,Yes,19,0,10,2,8,7,7
30,No,Travel_Rarely,Research & Development,17,1321,Female,3,Manager,1,Married,11916,Yes,23,2,9,3,9,1,0
39,No,Travel_Rarely,Research & Development,18,1322,Male,2,Manufacturing Director,3,Single,4534,No,11,0,9,3,8,7,1
31,No,Non-Travel,Sales,2,1324,Female,3,Sales Executive,3,Divorced,9852,Yes,19,1,10,2,10,8,9
41,No,Non-Travel,Sales,10,1329,Male,2,Sales Executive,2,Single,6151,No,13,0,19,3,19,2,11
31,Yes,Travel_Frequently,Sales,1,1331,Female,1,Sales Representative,2,Single,2302,Yes,11,0,3,4,3,2,2
44,Yes,Travel_Rarely,Research & Development,3,1333,Male,1,Laboratory Technician,1,Married,2362,No,12,0,10,4,3,2,1
42,No,Non-Travel,Research & Development,2,1334,Male,4,Manager,3,Married,17861,Yes,13,0,21,2,20,8,2
55,No,Travel_Rarely,Research & Development,2,1336,Female,5,Manager,3,Married,19187,No,14,1,23,3,19,9,9
56,No,Travel_Rarely,Human Resources,8,1338,Male,5,Manager,2,Single,19717,No,14,0,36,3,7,3,7
40,No,Non-Travel,Research & Development,16,1340,Male,1,Research Scientist,3,Divorced,3544,No,16,1,6,3,4,2,0
34,No,Travel_Rarely,Research & Development,9,1344,Male,3,Healthcare Representative,4,Divorced,8500,No,11,1,10,2,9,7,1
40,No,Travel_Rarely,Research & Development,2,1346,Male,2,Research Scientist,4,Single,4661,No,13,0,9,3,9,8,8
41,No,Travel_Frequently,Sales,1,1349,Female,2,Sales Executive,1,Divorced,4103,No,17,1,10,3,9,3,1
35,No,Travel_Frequently,Research & Development,4,1350,Male,2,Research Scientist,3,Single,4249,Yes,11,0,9,3,9,6,1
51,No,Travel_Rarely,Human Resources,5,1352,Male,4,Manager,2,Divorced,14026,Yes,11,1,33,3,33,9,0
38,No,Travel_Rarely,Sales,2,1355,Female,2,Sales Executive,1,Divorced,6893,No,15,1,11,3,7,7,1
34,No,Travel_Rarely,Sales,15,1356,Female,2,Sales Executive,1,Single,6125,No,12,0,10,4,10,8,9
25,No,Travel_Rarely,Research & Development,19,1358,Male,1,Laboratory Technician,4,Married,3669,No,11,3,7,2,3,2,1
58,Yes,Travel_Rarely,Research & Development,7,1360,Female,3,Manufacturing Director,1,Married,10008,Yes,14,0,31,2,10,9,5
40,No,Travel_Rarely,Research & Development,1,1361,Male,1,Laboratory Technician,2,Married,2387,No,22,1,7,3,4,2,0
36,No,Travel_Frequently,Sales,7,1362,Female,2,Sales Executive,1,Married,4639,No,16,1,17,2,15,7,6
48,No,Travel_Rarely,Research & Development,4,1363,Male,3,Manufacturing Director,4,Single,7898,No,11,0,11,3,10,9,0
27,No,Travel_Rarely,Sales,11,1364,Female,1,Sales Representative,4,Married,2534,No,14,1,5,3,1,0,0
51,No,Travel_Rarely,Research & Development,11,1367,Female,4,Manufacturing Director,2,Single,13142,No,16,0,29,2,5,2,0
18,No,Non-Travel,Research & Development,1,1368,Female,1,Laboratory Technician,4,Single,1611,No,15,0,0,4,0,0,0
35,No,Travel_Rarely,Research & Development,1,1369,Female,2,Laboratory Technician,4,Married,5363,No,12,1,10,3,9,7,0
27,No,Travel_Frequently,Sales,2,1371,Male,2,Sales Executive,4,Single,5071,No,20,0,8,3,6,2,0
55,Yes,Travel_Rarely,Sales,13,1372,Male,4,Sales Executive,3,Single,13695,Yes,17,0,24,2,19,7,3
56,No,Travel_Rarely,Research & Development,23,1373,Male,4,Manufacturing Director,2,Married,13402,Yes,12,1,33,3,19,16,15
34,No,Non-Travel,Research & Development,26,1374,Female,1,Research Scientist,3,Divorced,2029,No,20,3,5,3,5,4,0
40,No,Travel_Rarely,Research & Development,2,1375,Female,2,Healthcare Representative,3,Divorced,6377,No,20,3,15,3,12,11,11
34,No,Travel_Rarely,Research & Development,29,1377,Male,2,Laboratory Technician,3,Married,5429,No,13,2,10,3,8,7,7
31,Yes,Travel_Frequently,Sales,2,1379,Female,1,Sales Representative,4,Single,2785,No,14,0,3,4,1,0,0
35,Yes,Travel_Frequently,Sales,18,1380,Female,2,Sales Executive,3,Married,4614,Yes,18,1,5,2,4,2,3
38,No,Travel_Frequently,Research & Development,7,1382,Male,1,Research Scientist,3,Divorced,2610,No,11,3,4,3,4,2,0
34,No,Travel_Rarely,Research & Development,2,1383,Female,2,Healthcare Representative,4,Single,6687,No,11,0,14,4,14,11,4
28,No,Travel_Rarely,Sales,26,1387,Male,2,Sales Executive,1,Married,4724,No,11,1,5,3,5,3,0
31,Yes,Travel_Rarely,Research & Development,22,1389,Male,2,Manufacturing Director,3,Married,6179,Yes,15,2,10,2,10,2,6
39,No,Travel_Rarely,Sales,21,1390,Male,2,Sales Executive,4,Married,6120,Yes,12,2,8,4,5,4,1
51,No,Travel_Frequently,Sales,2,1391,Male,3,Sales Executive,2,Married,10596,No,11,0,14,3,4,2,3
41,No,Travel_Frequently,Research & Development,22,1392,Female,2,Research Scientist,4,Divorced,5467,Yes,14,2,12,2,6,2,3
37,No,Travel_Rarely,Research & Development,4,1394,Male,1,Research Scientist,3,Married,2996,Yes,15,0,8,3,6,4,1
33,No,Travel_Frequently,Sales,5,1395,Male,2,Sales Executive,4,Married,9998,No,13,0,8,4,5,4,1
32,No,Travel_Rarely,Sales,2,1396,Male,2,Sales Executive,2,Married,4078,Yes,13,3,4,2,3,2,1
39,No,Non-Travel,Research & Development,25,1397,Male,3,Healthcare Representative,3,Married,10920,No,21,1,13,3,6,4,0
25,No,Travel_Rarely,Sales,18,1399,Male,2,Sales Executive,3,Married,6232,No,11,0,6,2,3,2,1
52,No,Travel_Frequently,Research & Development,28,1401,Female,4,Manufacturing Director,3,Married,13247,Yes,11,1,24,2,5,3,0
43,No,Travel_Rarely,Research & Development,6,1402,Female,2,Research Scientist,3,Single,4081,Yes,14,0,20,1,20,7,1
27,No,Travel_Rarely,Sales,10,1403,Female,2,Sales Executive,4,Married,5769,Yes,11,0,6,3,6,2,4
27,Yes,Travel_Rarely,Research & Development,17,1405,Female,1,Research Scientist,3,Single,2394,Yes,13,0,8,3,8,2,7
26,No,Travel_Rarely,Research & Development,2,1407,Male,1,Research Scientist,4,Single,3904,No,12,0,5,3,4,3,1
42,No,Travel_Rarely,Human Resources,10,1408,Female,4,Manager,1,Married,16799,No,14,1,21,3,20,7,0
52,No,Travel_Rarely,Research & Development,8,1409,Female,1,Laboratory Technician,1,Married,2950,No,13,0,12,1,5,4,0
37,No,Travel_Rarely,Research & Development,11,1411,Female,1,Laboratory Technician,3,Single,3629,No,18,0,8,3,3,2,0
35,No,Travel_Frequently,Research & Development,18,1412,Male,3,Manufacturing Director,4,Single,9362,No,11,0,10,3,2,2,2
25,No,Travel_Rarely,Research & Development,1,1415,Male,1,Laboratory Technician,4,Married,3229,No,11,1,7,2,3,2,0
26,No,Travel_Rarely,Research & Development,7,1417,Male,1,Laboratory Technician,1,Single,3578,No,12,0,8,3,7,7,0
29,No,Travel_Rarely,Human Resources,17,1419,Male,3,Human Resources,1,Single,7988,No,13,0,10,2,10,9,0
49,Yes,Travel_Frequently,Research & Development,28,1420,Male,2,Laboratory Technician,1,Single,4284,No,20,0,20,3,4,3,1
29,Yes,Travel_Frequently,Research & Development,14,1421,Female,3,Healthcare Representative,4,Single,7553,Yes,12,0,9,3,8,7,7
54,No,Travel_Rarely,Research & Development,1,1422,Female,4,Research Director,4,Single,17328,No,19,0,29,2,20,7,12
58,No,Travel_Rarely,Research & Development,1,1423,Female,5,Research Director,1,Married,19701,Yes,21,1,32,3,9,8,1
55,No,Travel_Rarely,Research & Development,1,1424,Male,4,Research Director,4,Divorced,14732,No,13,2,31,4,7,7,0
36,No,Travel_Rarely,Sales,3,1425,Female,2,Sales Executive,2,Single,9278,Yes,16,0,15,3,5,4,0
31,Yes,Travel_Frequently,Sales,1,1427,Female,1,Sales Representative,3,Single,1359,No,12,0,1,3,1,0,0
30,No,Travel_Rarely,Sales,7,1428,Female,2,Sales Executive,1,Divorced,4779,No,14,2,8,3,3,2,0
31,No,Travel_Rarely,Research & Development,8,1430,Female,4,Research Director,2,Single,16422,No,11,0,9,4,3,2,1
34,No,Travel_Frequently,Research & Development,1,1431,Male,1,Research Scientist,1,Divorced,2996,No,14,2,10,3,4,3,1
31,Yes,Travel_Rarely,Research & Development,8,1433,Female,1,Research Scientist,2,Single,1261,No,12,0,1,4,1,0,0
27,No,Travel_Rarely,Research & Development,11,1434,Male,1,Laboratory Technician,1,Married,2099,No,14,0,6,4,5,0,1
36,No,Travel_Rarely,Research & Development,4,1435,Male,2,Laboratory Technician,4,Single,5810,No,16,0,10,2,10,4,1
36,No,Travel_Rarely,Sales,16,1436,Female,2,Sales Executive,1,Married,5647,No,13,2,11,2,3,2,0
47,No,Travel_Rarely,Research & Development,1,1438,Male,1,Research Scientist,4,Married,3420,No,12,1,17,2,6,5,1
25,Yes,Travel_Rarely,Sales,9,1439,Male,1,Sales Representative,1,Married,4400,No,12,0,6,3,3,2,2
37,No,Non-Travel,Research & Development,5,1440,Male,1,Laboratory Technician,3,Single,3500,No,14,0,7,1,6,5,1
56,No,Travel_Rarely,Research & Development,1,1441,Female,1,Research Scientist,1,Married,2066,No,22,1,5,4,3,2,1
47,No,Travel_Rarely,Research & Development,2,1443,Female,4,Research Director,3,Married,17169,No,19,2,26,4,20,17,5
24,No,Travel_Rarely,Sales,4,1445,Female,2,Sales Executive,3,Married,4162,Yes,12,2,5,3,5,4,0
32,No,Travel_Rarely,Sales,7,1446,Male,2,Sales Executive,4,Married,9204,No,12,1,7,2,4,3,0
34,No,Travel_Rarely,Research & Development,1,1447,Female,1,Laboratory Technician,2,Married,3294,No,17,1,7,2,5,4,0
41,No,Travel_Rarely,Research & Development,5,1448,Male,1,Research Scientist,3,Married,2127,Yes,12,0,7,2,4,2,0
40,No,Non-Travel,Research & Development,9,1449,Male,2,Laboratory Technician,3,Divorced,3975,No,11,2,11,4,8,7,0
31,No,Travel_Rarely,Sales,8,1453,Male,3,Sales Executive,4,Divorced,10793,No,18,1,13,3,13,7,9
46,Yes,Travel_Rarely,Sales,9,1457,Male,3,Sales Executive,4,Divorced,10096,No,11,1,28,4,7,7,4
39,Yes,Non-Travel,Research & Development,2,1458,Female,1,Laboratory Technician,1,Single,3646,Yes,23,0,11,4,1,0,0
31,Yes,Travel_Frequently,Research & Development,1,1459,Female,3,Manufacturing Director,2,Single,7446,No,11,0,10,3,10,8,4
45,No,Travel_Rarely,Research & Development,20,1460,Male,3,Healthcare Representative,1,Divorced,10851,Yes,18,1,24,3,7,7,0
31,No,Travel_Rarely,Human Resources,8,1461,Female,1,Human Resources,2,Single,2109,No,18,0,8,3,3,2,0
31,Yes,Travel_Frequently,Research & Development,2,1464,Male,1,Laboratory Technician,4,Married,3722,Yes,13,1,7,1,2,2,2
45,No,Travel_Rarely,Research & Development,29,1465,Male,3,Manufacturing Director,4,Married,9380,Yes,18,2,10,4,3,1,1
48,No,Travel_Rarely,Sales,7,1466,Male,2,Sales Executive,1,Divorced,5486,No,11,3,15,3,2,2,2
34,Yes,Travel_Rarely,Human Resources,9,1467,Female,1,Human Resources,3,Married,2742,No,15,0,2,3,2,2,2
40,No,Non-Travel,Research & Development,8,1468,Male,3,Research Director,2,Divorced,13757,No,11,1,16,3,9,8,4
28,No,Travel_Rarely,Sales,5,1469,Male,2,Sales Executive,1,Single,8463,No,18,0,6,3,5,4,1
44,No,Non-Travel,Research & Development,5,1471,Male,1,Laboratory Technician,3,Single,3162,No,14,0,7,3,5,2,0
53,No,Travel_Rarely,Research & Development,2,1472,Male,4,Research Director,2,Single,16598,No,12,0,35,2,9,8,8
49,No,Travel_Rarely,Research & Development,5,1473,Male,2,Healthcare Representative,3,Married,6651,No,14,1,20,2,3,2,1
40,No,Travel_Rarely,Research & Development,2,1474,Male,1,Research Scientist,3,Divorced,2345,No,14,1,8,4,3,1,1
44,No,Travel_Rarely,Research & Development,20,1475,Male,1,Research Scientist,2,Single,3420,No,13,0,6,2,5,2,1
33,No,Travel_Frequently,Sales,7,1477,Male,2,Sales Executive,1,Married,4373,No,14,2,5,3,4,3,0
34,No,Travel_Rarely,Sales,3,1478,Male,2,Sales Executive,1,Single,4759,No,18,0,15,3,13,9,3
30,No,Travel_Rarely,Sales,16,1479,Male,2,Sales Executive,3,Married,5301,No,15,2,4,2,2,1,2
42,No,Travel_Frequently,Research & Development,9,1480,Female,1,Laboratory Technician,4,Single,3673,No,13,0,12,3,12,9,5
44,No,Travel_Frequently,Sales,1,1481,Female,2,Sales Executive,3,Married,4768,No,12,1,11,2,1,0,0
30,No,Non-Travel,Research & Development,7,1482,Male,1,Research Scientist,3,Divorced,1274,No,13,2,1,2,1,0,0
57,No,Travel_Rarely,Research & Development,1,1483,Male,2,Research Scientist,3,Married,4900,No,24,1,13,2,12,9,2
49,No,Travel_Rarely,Research & Development,7,1484,Male,3,Healthcare Representative,2,Divorced,10466,No,14,2,29,3,8,7,0
34,No,Travel_Frequently,Research & Development,15,1485,Male,4,Research Director,1,Divorced,17007,No,14,2,16,2,14,8,6
28,Yes,Travel_Frequently,Sales,1,1486,Male,1,Sales Representative,3,Married,2909,No,15,1,5,4,3,2,1
29,Yes,Travel_Frequently,Sales,13,1487,Female,2,Sales Executive,2,Single,5765,No,11,0,7,1,5,3,0
34,Yes,Travel_Rarely,Sales,24,1489,Female,2,Sales Executive,2,Single,4599,Yes,23,0,16,4,15,9,10
35,No,Travel_Rarely,Sales,7,1492,Male,1,Sales Representative,3,Married,2404,No,13,1,1,3,1,0,0
24,Yes,Travel_Frequently,Research & Development,9,1494,Male,1,Laboratory Technician,1,Single,3172,Yes,11,0,4,2,0,0,0
24,No,Non-Travel,Sales,13,1495,Female,1,Sales Representative,2,Married,2033,No,13,1,1,3,1,0,0
44,No,Travel_Frequently,Research & Development,2,1496,Male,3,Manufacturing Director,3,Single,10209,Yes,18,0,16,2,2,2,2
29,No,Travel_Rarely,Sales,19,1497,Male,2,Sales Executive,3,Divorced,8620,No,14,2,10,3,10,7,0
30,No,Travel_Rarely,Human Resources,1,1499,Male,1,Human Resources,3,Divorced,2064,No,21,1,6,4,5,3,1
55,No,Travel_Rarely,Research & Development,4,1501,Male,2,Healthcare Representative,3,Married,4035,Yes,16,0,4,3,3,2,1
33,No,Travel_Rarely,Research & Development,4,1502,Female,1,Laboratory Technician,2,Married,3838,No,11,0,8,3,5,4,0
47,No,Travel_Rarely,Sales,14,1503,Female,2,Sales Executive,3,Married,4591,Yes,17,1,11,2,5,4,1
28,Yes,Travel_Frequently,Research & Development,2,1504,Male,1,Laboratory Technician,1,Single,2561,No,11,0,8,2,0,0,0
28,No,Travel_Rarely,Research & Development,1,1506,Male,1,Research Scientist,3,Divorced,1563,No,14,1,1,1,1,0,0
28,No,Travel_Frequently,Sales,7,1507,Male,2,Sales Executive,1,Single,4898,No,14,0,5,3,4,2,1
49,No,Travel_Rarely,Research & Development,3,1509,Female,2,Laboratory Technician,1,Married,4789,No,25,1,10,3,3,2,1
29,No,Travel_Frequently,Research & Development,2,1513,Female,1,Laboratory Technician,2,Married,3180,No,13,3,4,3,3,2,0
28,No,Travel_Rarely,Research & Development,29,1514,Male,2,Manufacturing Director,2,Married,6549,No,14,2,8,2,8,6,1
33,No,Travel_Rarely,Research & Development,8,1515,Male,2,Healthcare Representative,3,Single,6388,Yes,17,0,14,3,0,0,0
32,No,Travel_Rarely,Research & Development,10,1516,Male,3,Manager,4,Single,11244,No,25,0,10,4,5,2,0
54,No,Travel_Frequently,Research & Development,11,1520,Female,4,Manager,4,Divorced,16032,No,20,1,26,3,14,9,1
29,Yes,Travel_Rarely,Research & Development,1,1522,Male,1,Research Scientist,1,Single,2362,No,13,0,11,1,9,7,0
44,No,Travel_Rarely,Research & Development,28,1523,Male,4,Research Director,1,Married,16328,No,13,1,24,4,20,6,14
39,No,Travel_Rarely,Research & Development,6,1525,Female,3,Manufacturing Director,2,Single,8376,No,18,0,9,3,2,0,2
46,No,Travel_Rarely,Sales,3,1527,Female,4,Manager,2,Married,16606,No,12,1,23,4,13,12,5
35,No,Travel_Rarely,Research & Development,16,1529,Female,3,Healthcare Representative,2,Single,8606,No,19,0,11,1,11,8,3
23,No,Travel_Rarely,Research & Development,20,1533,Male,2,Laboratory Technician,3,Single,2272,No,14,0,5,3,4,3,1
40,Yes,Travel_Rarely,Research & Development,9,1534,Male,1,Laboratory Technician,1,Single,2018,No,14,0,15,1,5,4,1
34,No,Travel_Rarely,Sales,1,1535,Male,3,Sales Executive,3,Married,7083,Yes,14,0,10,3,10,9,8
31,Yes,Travel_Frequently,Research & Development,3,1537,Female,1,Research Scientist,3,Single,4084,No,12,0,7,1,7,2,7
50,No,Travel_Frequently,Research & Development,22,1539,Male,4,Research Director,4,Single,14411,Yes,13,0,32,3,32,6,13
34,No,Travel_Rarely,Sales,7,1541,Male,1,Sales Representative,3,Married,2308,Yes,25,1,12,3,11,10,5
42,No,Travel_Rarely,Research & Development,2,1542,Male,1,Laboratory Technician,2,Married,4841,No,14,1,4,3,1,0,0
37,No,Travel_Rarely,Research & Development,13,1543,Male,2,Research Scientist,4,Married,4285,No,17,0,10,3,10,8,3
29,No,Travel_Rarely,Research & Development,8,1544,Female,2,Healthcare Representative,1,Married,9715,No,13,1,9,3,7,7,0
33,No,Travel_Rarely,Research & Development,25,1545,Male,2,Manufacturing Director,2,Single,4320,No,13,0,5,3,5,3,0
45,No,Travel_Rarely,Research & Development,28,1546,Male,1,Research Scientist,4,Married,2132,No,20,1,8,3,5,4,0
42,No,Travel_Frequently,Research & Development,2,1547,Male,3,Healthcare Representative,4,Married,10124,Yes,14,1,24,1,20,8,13
40,No,Travel_Rarely,Sales,9,1548,Male,2,Sales Executive,1,Married,5473,No,12,0,9,4,8,4,7
33,No,Travel_Rarely,Research & Development,28,1549,Male,2,Laboratory Technician,3,Married,5207,Yes,12,1,15,3,15,14,5
40,No,Travel_Rarely,Human Resources,6,1550,Male,4,Manager,4,Single,16437,Yes,21,0,21,3,21,7,7
24,No,Travel_Rarely,Research & Development,21,1551,Male,1,Laboratory Technician,1,Divorced,2296,No,14,3,2,3,1,1,0
40,No,Non-Travel,Research & Development,8,1552,Male,2,Healthcare Representative,4,Divorced,4069,Yes,18,0,8,3,2,2,2
45,No,Travel_Rarely,Research & Development,1,1553,Male,3,Healthcare Representative,2,Divorced,7441,No,12,3,10,3,10,8,7
35,No,Travel_Rarely,Sales,28,1554,Female,1,Sales Representative,3,Married,2430,No,23,2,6,3,5,3,4
32,No,Travel_Rarely,Research & Development,5,1555,Female,2,Research Scientist,2,Married,5878,No,12,1,12,3,7,1,2
36,No,Travel_Rarely,Sales,2,1556,Male,1,Sales Representative,4,Single,2644,Yes,21,0,7,2,3,2,1
48,No,Travel_Rarely,Sales,16,1557,Female,2,Sales Executive,3,Divorced,6439,No,14,1,18,3,8,7,7
29,No,Travel_Rarely,Research & Development,9,1558,Male,1,Research Scientist,3,Married,2451,No,18,2,5,2,1,0,0
33,No,Travel_Rarely,Sales,8,1560,Male,2,Sales Executive,1,Married,6392,No,13,1,8,1,2,2,2
30,Yes,Travel_Rarely,Sales,1,1562,Male,2,Sales Executive,1,Married,9714,No,11,1,10,3,10,8,6
38,No,Travel_Frequently,Human Resources,10,1563,Male,2,Human Resources,3,Married,6077,No,11,0,10,3,6,3,1
35,No,Travel_Rarely,Research & Development,1,1564,Male,1,Laboratory Technician,1,Single,2450,No,19,0,3,3,3,0,1
30,No,Travel_Rarely,Sales,29,1568,Male,3,Sales Executive,2,Married,9250,No,12,1,9,3,4,2,1
35,Yes,Travel_Rarely,Research & Development,2,1569,Female,1,Laboratory Technician,1,Divorced,2074,Yes,12,1,1,3,1,0,0
53,Yes,Travel_Rarely,Research & Development,2,1572,Female,3,Manufacturing Director,4,Married,10169,No,16,1,34,3,33,7,1
38,Yes,Travel_Rarely,Research & Development,2,1573,Male,2,Manufacturing Director,2,Married,4855,No,11,2,7,3,5,2,1
32,No,Non-Travel,Research & Development,1,1574,Male,2,Research Scientist,1,Married,4087,No,14,1,9,2,6,5,1
48,No,Travel_Rarely,Research & Development,15,1576,Female,1,Research Scientist,1,Married,2367,No,12,1,10,2,8,2,7
34,No,Travel_Rarely,Research & Development,7,1577,Male,1,Research Scientist,4,Single,2972,No,13,0,1,1,1,0,0
55,No,Travel_Rarely,Sales,26,1578,Male,5,Manager,4,Married,19586,No,21,1,36,3,36,6,2
34,No,Travel_Rarely,Research & Development,1,1580,Male,2,Research Scientist,4,Married,5484,No,17,1,9,2,2,2,2
26,No,Travel_Rarely,Research & Development,3,1581,Female,1,Research Scientist,4,Married,2061,No,21,0,1,3,1,0,0
38,No,Travel_Rarely,Sales,14,1582,Male,2,Sales Executive,2,Married,9924,No,11,1,10,3,9,8,7
38,No,Travel_Rarely,Sales,16,1583,Female,2,Sales Executive,2,Single,4198,No,12,0,8,4,3,2,1
36,No,Travel_Rarely,Sales,1,1585,Female,2,Sales Executive,3,Single,6815,No,13,0,15,3,1,0,0
29,No,Travel_Rarely,Research & Development,3,1586,Male,1,Laboratory Technician,1,Single,4723,Yes,18,0,10,3,10,9,1
35,No,Travel_Rarely,Research & Development,10,1587,Female,2,Healthcare Representative,3,Single,6142,Yes,16,0,10,3,5,2,0
39,No,Travel_Rarely,Sales,6,1588,Male,3,Sales Executive,3,Married,8237,No,11,1,11,3,7,6,7
29,No,Travel_Frequently,Research & Development,2,1590,Male,2,Healthcare Representative,4,Divorced,8853,No,19,1,6,4,6,4,1
50,No,Travel_Rarely,Sales,9,1591,Male,5,Manager,3,Married,19331,Yes,16,1,27,3,1,0,0
23,No,Travel_Rarely,Research & Development,10,1592,Male,1,Research Scientist,3,Married,2073,No,16,1,4,3,2,2,2
36,No,Travel_Frequently,Research & Development,6,1594,Male,2,Laboratory Technician,1,Married,5562,Yes,13,1,9,3,3,2,0
42,No,Travel_Rarely,Research & Development,9,1595,Male,5,Manager,4,Single,19613,No,22,0,24,3,1,0,0
35,No,Travel_Rarely,Research & Development,28,1596,Male,2,Laboratory Technician,3,Married,3407,No,17,2,10,2,10,9,6
34,No,Travel_Frequently,Research & Development,10,1597,Male,2,Healthcare Representative,3,Married,5063,No,14,1,8,2,8,2,7
40,No,Travel_Rarely,Sales,14,1598,Female,2,Sales Executive,1,Married,4639,No,15,1,5,3,5,4,1
43,No,Travel_Rarely,Research & Development,27,1599,Male,1,Laboratory Technician,2,Divorced,4876,No,12,1,8,3,6,4,0
35,No,Travel_Rarely,Research & Development,7,1601,Male,1,Laboratory Technician,4,Married,2690,No,18,1,1,2,1,0,0
46,No,Travel_Rarely,Sales,1,1602,Male,4,Manager,1,Single,17567,No,15,0,27,1,26,0,0
28,Yes,Travel_Rarely,Research & Development,24,1604,Male,1,Laboratory Technician,2,Married,2408,Yes,17,3,1,3,1,1,0
22,No,Non-Travel,Research & Development,26,1605,Female,1,Research Scientist,3,Married,2814,Yes,14,0,4,2,4,2,1
50,No,Travel_Frequently,Research & Development,20,1606,Male,4,Healthcare Representative,3,Married,11245,Yes,15,1,32,3,30,8,12
32,No,Travel_Rarely,Research & Development,5,1607,Female,1,Research Scientist,4,Married,3312,No,17,2,6,3,3,2,0
44,No,Travel_Rarely,Research & Development,7,1608,Female,5,Research Director,4,Divorced,19049,Yes,14,1,23,2,22,7,1
30,No,Travel_Rarely,Research & Development,7,1609,Male,1,Research Scientist,2,Married,2141,No,12,1,6,2,6,4,1
45,No,Travel_Rarely,Research & Development,5,1611,Female,2,Laboratory Technician,1,Single,5769,Yes,14,0,10,3,10,7,1
45,No,Non-Travel,Sales,26,1612,Male,2,Sales Executive,1,Married,4385,No,15,1,10,3,10,7,4
31,No,Travel_Frequently,Sales,2,1613,Male,2,Sales Executive,1,Single,5332,No,13,0,10,3,5,2,0
36,No,Travel_Rarely,Research & Development,12,1614,Female,2,Manufacturing Director,3,Married,4663,Yes,12,2,7,3,3,2,1
34,No,Travel_Frequently,Research & Development,10,1615,Male,2,Manufacturing Director,4,Divorced,4724,No,13,1,9,3,9,7,7
49,No,Travel_Rarely,Research & Development,25,1617,Female,1,Laboratory Technician,1,Married,3211,No,14,1,10,2,9,6,1
39,No,Travel_Rarely,Research & Development,10,1618,Male,2,Manufacturing Director,1,Married,5377,No,13,3,10,3,7,7,7
27,No,Travel_Rarely,Research & Development,19,1619,Male,1,Laboratory Technician,1,Divorced,4066,No,11,2,7,3,7,7,0
35,No,Travel_Rarely,Research & Development,18,1621,Male,2,Research Scientist,1,Married,5208,No,11,0,16,3,16,15,1
28,No,Travel_Rarely,Research & Development,27,1622,Female,2,Manufacturing Director,1,Divorced,4877,No,21,1,6,2,5,3,0
21,No,Travel_Rarely,Research & Development,5,1623,Male,1,Research Scientist,4,Single,3117,No,18,0,3,3,2,2,2
18,Yes,Travel_Frequently,Sales,3,1624,Female,1,Sales Representative,4,Single,1569,Yes,12,0,0,4,0,0,0
47,No,Travel_Rarely,Human Resources,26,1625,Female,5,Manager,3,Married,19658,No,11,1,27,3,5,2,1
39,No,Travel_Rarely,Research & Development,3,1627,Male,2,Laboratory Technician,3,Divorced,3069,No,15,1,11,3,10,8,0
40,No,Travel_Rarely,Research & Development,15,1628,Female,3,Manufacturing Director,3,Married,10435,No,13,2,18,3,18,15,14
35,No,Non-Travel,Research & Development,8,1630,Female,2,Healthcare Representative,3,Married,4148,No,12,1,15,3,14,11,2
37,No,Travel_Rarely,Research & Development,19,1631,Male,2,Manufacturing Director,3,Married,5768,No,17,3,9,2,4,3,0
39,No,Travel_Frequently,Research & Development,4,1633,Female,2,Manufacturing Director,3,Single,5042,No,13,0,10,1,9,2,3
45,No,Travel_Rarely,Research & Development,2,1635,Female,2,Manufacturing Director,4,Divorced,5770,No,19,2,10,3,10,7,3
38,No,Travel_Rarely,Research & Development,2,1638,Female,3,Manufacturing Director,3,Married,7756,Yes,19,1,10,4,5,4,0
35,Yes,Travel_Rarely,Sales,10,1639,Male,3,Sales Executive,1,Married,10306,No,17,0,15,3,13,12,6
37,No,Travel_Rarely,Research & Development,10,1640,Female,1,Research Scientist,2,Married,3936,No,11,1,8,1,8,4,7
40,No,Travel_Rarely,Research & Development,16,1641,Female,3,Manufacturing Director,4,Single,7945,Yes,15,0,18,2,4,2,3
44,No,Travel_Frequently,Human Resources,1,1642,Male,2,Human Resources,4,Married,5743,Yes,11,0,14,3,10,7,0
48,No,Travel_Frequently,Research & Development,4,1644,Male,4,Manager,4,Married,15202,No,25,1,23,3,2,2,2
35,Yes,Travel_Rarely,Sales,15,1645,Male,2,Sales Executive,4,Divorced,5440,Yes,14,2,7,2,2,2,2
24,No,Travel_Frequently,Research & Development,2,1646,Female,1,Research Scientist,4,Single,3760,Yes,13,0,6,3,6,3,1
27,No,Travel_Rarely,Research & Development,8,1647,Female,1,Research Scientist,3,Married,3517,No,17,0,5,3,3,2,0
27,No,Travel_Frequently,Research & Development,2,1648,Male,1,Research Scientist,4,Single,2580,No,13,0,6,2,4,2,1
40,Yes,Travel_Rarely,Research & Development,7,1649,Male,1,Laboratory Technician,1,Single,2166,Yes,14,0,10,1,4,2,0
29,No,Travel_Rarely,Sales,10,1650,Male,2,Sales Executive,3,Single,5869,No,11,0,8,3,5,2,1
36,No,Travel_Rarely,Research & Development,5,1651,Female,3,Healthcare Representative,1,Married,8008,No,12,2,9,3,3,2,0
25,No,Travel_Frequently,Research & Development,2,1653,Male,2,Manufacturing Director,3,Divorced,5206,No,17,2,7,3,7,7,0
39,No,Travel_Rarely,Research & Development,12,1654,Male,2,Manufacturing Director,2,Married,5295,No,21,0,7,3,5,4,1
49,No,Travel_Rarely,Research & Development,22,1655,Female,4,Research Director,2,Married,16413,No,16,2,27,3,4,2,1
50,No,Travel_Rarely,Research & Development,17,1656,Female,3,Research Director,1,Divorced,13269,No,15,3,19,3,14,11,1
20,No,Travel_Rarely,Sales,2,1657,Female,1,Sales Representative,3,Single,2783,No,19,0,2,3,2,2,2
34,No,Travel_Rarely,Research & Development,3,1658,Female,2,Research Scientist,2,Divorced,5433,No,12,1,11,3,11,8,7
36,No,Travel_Rarely,Research & Development,7,1659,Male,1,Laboratory Technician,2,Single,2013,No,11,0,15,3,4,3,1
49,No,Travel_Rarely,Research & Development,6,1661,Female,4,Healthcare Representative,3,Married,13966,Yes,19,1,30,3,15,11,2
36,No,Non-Travel,Research & Development,1,1662,Female,2,Manufacturing Director,3,Married,4374,No,15,0,4,3,3,2,1
36,No,Travel_Rarely,Research & Development,3,1664,Male,2,Healthcare Representative,1,Divorced,6842,No,20,1,13,3,5,4,0
54,No,Travel_Rarely,Research & Development,22,1665,Female,4,Manager,3,Married,17426,No,25,1,36,3,10,8,4
43,No,Travel_Rarely,Research & Development,15,1666,Male,4,Research Director,3,Married,17603,No,24,1,14,3,14,10,6
35,Yes,Travel_Frequently,Sales,12,1667,Male,2,Sales Executive,4,Single,4581,Yes,24,0,13,4,11,9,6
38,No,Travel_Frequently,Research & Development,1,1668,Male,2,Research Scientist,4,Married,4735,No,15,2,19,4,13,11,2
29,No,Travel_Rarely,Sales,5,1669,Male,2,Sales Executive,2,Divorced,4187,Yes,13,1,10,2,10,0,0
33,No,Travel_Rarely,Sales,2,1670,Male,2,Sales Executive,4,Divorced,5505,No,14,2,6,3,6,2,0
32,No,Travel_Rarely,Research & Development,2,1671,Male,2,Research Scientist,2,Divorced,5470,No,13,2,10,2,9,5,1
31,No,Travel_Rarely,Sales,5,1673,Female,2,Sales Executive,4,Married,5476,No,11,2,10,3,10,0,0
49,No,Travel_Rarely,Research & Development,16,1674,Female,1,Laboratory Technician,1,Divorced,2587,Yes,16,1,17,2,2,2,2
38,No,Travel_Frequently,Research & Development,2,1675,Female,1,Laboratory Technician,2,Single,2440,No,22,0,4,3,4,3,3
47,No,Travel_Rarely,Sales,2,1676,Female,4,Manager,2,Divorced,15972,No,14,3,29,3,3,2,1
49,No,Travel_Rarely,Research & Development,1,1677,Male,4,Manager,3,Single,15379,No,14,0,23,3,8,7,0
41,No,Travel_Rarely,Sales,23,1678,Male,3,Sales Executive,3,Single,7082,Yes,16,0,21,3,2,0,0
20,No,Travel_Rarely,Sales,9,1680,Male,1,Sales Representative,1,Single,2728,No,11,0,2,3,2,2,0
33,No,Non-Travel,Sales,16,1681,Female,2,Sales Executive,4,Divorced,5368,Yes,25,1,7,3,6,5,1
36,No,Travel_Rarely,Research & Development,26,1682,Male,2,Healthcare Representative,3,Married,5347,No,14,2,10,2,3,2,0
44,No,Travel_Rarely,Human Resources,1,1683,Female,1,Human Resources,4,Divorced,3195,Yes,18,3,8,3,2,2,2
23,Yes,Travel_Rarely,Research & Development,8,1684,Male,1,Laboratory Technician,3,Single,3989,Yes,11,0,5,3,5,4,1
38,No,Travel_Rarely,Research & Development,4,1687,Female,1,Laboratory Technician,3,Married,3306,No,19,1,7,2,0,0,0
53,No,Travel_Rarely,Research & Development,24,1689,Male,3,Healthcare Representative,4,Married,7005,No,15,0,11,3,4,3,1
48,Yes,Travel_Frequently,Sales,7,1691,Female,1,Sales Representative,3,Married,2655,Yes,11,2,19,3,9,7,7
32,Yes,Travel_Rarely,Research & Development,2,1692,Male,1,Laboratory Technician,2,Single,1393,No,12,0,1,3,1,0,0
26,No,Non-Travel,Research & Development,7,1693,Male,1,Laboratory Technician,4,Single,2570,No,20,0,7,3,7,7,5
55,No,Travel_Rarely,Research & Development,22,1694,Male,1,Research Scientist,2,Divorced,3537,No,12,1,8,3,4,2,1
34,No,Travel_Rarely,Research & Development,5,1696,Male,2,Laboratory Technician,4,Married,3986,No,14,1,15,4,15,10,4
60,No,Travel_Rarely,Research & Development,1,1697,Male,3,Healthcare Representative,4,Divorced,10883,No,20,1,19,4,1,0,0
33,No,Travel_Rarely,Research & Development,21,1698,Male,1,Laboratory Technician,2,Married,2028,No,18,3,14,3,14,11,2
37,No,Travel_Frequently,Sales,1,1700,Male,2,Sales Executive,4,Divorced,9525,No,14,2,6,2,6,3,1
34,No,Travel_Rarely,Research & Development,19,1701,Female,1,Research Scientist,4,Married,2929,No,12,0,10,3,10,9,8
23,Yes,Travel_Rarely,Sales,7,1702,Male,1,Sales Representative,4,Divorced,2275,Yes,21,1,3,3,3,2,0
44,No,Travel_Rarely,Research & Development,2,1703,Female,3,Healthcare Representative,4,Married,7879,Yes,19,1,9,3,8,7,6
35,No,Travel_Frequently,Research & Development,2,1704,Male,1,Research Scientist,4,Single,4930,Yes,14,0,6,4,5,4,1
43,No,Travel_Rarely,Sales,2,1706,Male,2,Sales Executive,4,Married,7847,Yes,17,1,10,3,10,9,8
24,No,Travel_Rarely,Research & Development,9,1707,Male,1,Research Scientist,3,Married,4401,No,16,1,5,3,5,3,0
41,No,Travel_Rarely,Sales,6,1708,Male,3,Sales Executive,3,Single,9241,No,12,0,10,3,10,8,8
29,No,Travel_Rarely,Research & Development,9,1709,Female,1,Laboratory Technician,3,Married,2974,No,17,1,9,3,5,3,1
36,No,Travel_Rarely,Sales,2,1710,Female,2,Sales Representative,4,Single,4502,No,15,0,17,2,13,7,6
45,No,Non-Travel,Research & Development,1,1712,Male,3,Healthcare Representative,3,Married,10748,No,23,1,25,2,23,15,14
24,Yes,Travel_Rarely,Human Resources,22,1714,Male,1,Human Resources,3,Married,1555,No,11,1,1,3,1,0,0
47,Yes,Travel_Frequently,Sales,9,1716,Male,4,Sales Executive,3,Married,12936,No,11,0,25,1,23,5,14
26,No,Travel_Rarely,Research & Development,17,1718,Male,1,Laboratory Technician,3,Married,2305,No,15,3,3,4,3,2,0
45,No,Travel_Rarely,Research & Development,28,1719,Female,4,Research Director,2,Single,16704,No,11,0,21,3,21,6,8
32,No,Travel_Frequently,Research & Development,10,1720,Male,1,Research Scientist,3,Married,3433,No,13,1,10,2,5,2,1
31,No,Travel_Rarely,Research & Development,2,1721,Male,1,Laboratory Technician,3,Married,3477,No,14,1,6,4,5,2,0
41,No,Non-Travel,Human Resources,4,1722,Male,2,Human Resources,2,Married,6430,No,19,1,10,3,3,2,1
40,No,Travel_Rarely,Research & Development,8,1724,Female,2,Manufacturing Director,1,Married,6516,Yes,16,1,18,3,1,0,0
24,No,Travel_Rarely,Research & Development,29,1725,Male,1,Laboratory Technician,1,Divorced,3907,No,13,3,6,4,6,2,1
46,No,Travel_Rarely,Research & Development,13,1727,Male,2,Healthcare Representative,2,Single,5562,No,14,0,19,3,10,7,0
35,No,Travel_Rarely,Research & Development,27,1728,Male,2,Manufacturing Director,3,Married,6883,No,16,1,17,3,7,7,0
30,No,Travel_Rarely,Research & Development,16,1729,Male,1,Research Scientist,4,Married,2862,No,12,1,10,2,10,0,0
47,No,Non-Travel,Sales,2,1731,Male,2,Sales Executive,2,Married,4978,No,11,1,4,1,1,0,0
46,No,Travel_Rarely,Sales,2,1732,Male,3,Sales Executive,4,Divorced,10368,Yes,12,1,13,2,10,6,0
36,Yes,Travel_Rarely,Sales,13,1733,Male,2,Sales Executive,1,Divorced,6134,Yes,13,3,16,3,2,2,2
32,Yes,Travel_Rarely,Sales,1,1734,Male,2,Sales Executive,2,Single,6735,No,15,0,10,3,0,0,0
23,No,Travel_Rarely,Research & Development,4,1735,Female,1,Laboratory Technician,2,Single,3295,No,13,0,3,1,3,2,1
31,No,Travel_Frequently,Research & Development,24,1736,Female,2,Manufacturing Director,4,Single,5238,No,20,0,9,2,5,4,1
39,No,Non-Travel,Research & Development,1,1737,Male,2,Laboratory Technician,4,Married,6472,Yes,15,1,9,3,9,8,5
32,No,Travel_Rarely,Sales,19,1739,Male,3,Sales Executive,3,Married,9610,No,13,1,10,1,4,3,0
40,No,Travel_Rarely,Sales,7,1740,Male,5,Manager,2,Single,19833,No,14,0,21,2,21,8,12
45,No,Travel_Rarely,Human Resources,4,1744,Female,3,Human Resources,3,Married,9756,No,21,2,9,4,5,0,0
30,No,Travel_Frequently,Research & Development,2,1745,Female,1,Research Scientist,1,Single,4968,No,16,0,10,3,9,7,0
24,No,Travel_Frequently,Human Resources,10,1746,Male,1,Human Resources,4,Married,2145,No,14,1,3,3,2,2,2
30,Yes,Travel_Frequently,Human Resources,8,1747,Female,1,Human Resources,4,Divorced,2180,No,11,1,6,2,4,2,1
31,No,Travel_Rarely,Sales,5,1749,Male,2,Sales Executive,3,Married,8346,No,19,1,6,3,5,2,0
27,No,Travel_Rarely,Research & Development,8,1751,Female,1,Research Scientist,4,Single,3445,No,11,0,6,2,6,2,1
29,Yes,Travel_Rarely,Sales,9,1752,Female,1,Sales Representative,2,Single,2760,No,13,0,2,3,2,2,2
29,No,Travel_Frequently,Research & Development,1,1753,Male,2,Healthcare Representative,3,Single,6294,Yes,12,0,10,4,3,2,0
30,No,Travel_Rarely,Sales,15,1754,Male,3,Sales Executive,1,Divorced,7140,No,11,1,12,3,7,7,1
34,No,Travel_Rarely,Research & Development,2,1755,Male,1,Research Scientist,4,Married,2932,Yes,14,3,6,3,5,0,1
33,No,Non-Travel,Sales,2,1756,Female,2,Sales Executive,2,Single,5147,No,15,0,13,2,11,7,1
49,No,Travel_Rarely,Sales,11,1757,Female,2,Sales Executive,4,Single,4507,No,12,0,8,4,5,1,0
33,Yes,Travel_Rarely,Sales,16,1758,Female,3,Sales Executive,1,Single,8564,Yes,20,0,11,2,0,0,0
38,No,Travel_Frequently,Research & Development,2,1760,Female,1,Laboratory Technician,2,Married,2468,No,14,1,9,2,6,1,0
31,Yes,Travel_Rarely,Sales,16,1761,Male,3,Sales Executive,3,Married,8161,No,13,3,10,3,1,0,0
29,No,Travel_Rarely,Research & Development,4,1762,Female,1,Research Scientist,1,Divorced,2109,No,13,1,1,3,1,0,0
30,No,Travel_Rarely,Research & Development,16,1763,Male,2,Healthcare Representative,3,Married,5294,No,16,1,10,3,7,0,1
32,No,Non-Travel,Research & Development,5,1764,Male,1,Research Scientist,2,Single,2718,No,14,0,12,3,7,7,0
38,No,Travel_Rarely,Research & Development,18,1766,Male,2,Healthcare Representative,4,Married,5811,Yes,16,1,15,3,1,0,1
43,Yes,Travel_Frequently,Research & Development,17,1767,Male,1,Research Scientist,3,Married,2437,Yes,16,1,6,3,1,0,0
42,No,Travel_Rarely,Research & Development,12,1768,Male,1,Laboratory Technician,2,Divorced,2766,No,22,3,7,2,5,3,0
55,No,Travel_Rarely,Research & Development,2,1770,Male,5,Research Director,1,Married,19038,No,12,3,34,3,1,0,0
33,No,Non-Travel,Research & Development,4,1771,Male,2,Research Scientist,2,Divorced,3055,No,15,2,11,2,9,8,1
41,No,Travel_Rarely,Research & Development,9,1772,Male,1,Laboratory Technician,1,Divorced,2289,No,20,2,5,3,5,3,0
34,No,Non-Travel,Sales,10,1774,Male,2,Sales Executive,3,Divorced,4001,Yes,14,1,15,3,15,14,0
53,No,Non-Travel,Research & Development,1,1775,Female,4,Manufacturing Director,3,Married,12965,Yes,20,3,27,2,3,2,0
43,No,Travel_Rarely,Human Resources,2,1778,Male,1,Human Resources,4,Single,3539,No,13,0,10,3,9,7,1
34,No,Travel_Rarely,Sales,3,1779,Female,2,Sales Executive,4,Single,6029,No,12,0,6,3,2,2,2
21,Yes,Travel_Rarely,Sales,7,1780,Male,1,Sales Representative,2,Single,2679,No,13,0,1,3,1,0,1
38,No,Travel_Rarely,Research & Development,6,1782,Female,1,Laboratory Technician,3,Married,3702,No,11,1,5,3,5,4,0
22,Yes,Travel_Rarely,Research & Development,8,1783,Female,1,Laboratory Technician,1,Married,2398,Yes,17,0,1,3,1,0,0
31,No,Travel_Rarely,Sales,29,1784,Female,2,Sales Executive,4,Married,5468,No,14,2,13,3,12,7,5
51,No,Travel_Rarely,Research & Development,3,1786,Female,3,Manager,3,Married,13116,No,11,0,15,3,2,2,2
37,No,Travel_Rarely,Sales,9,1787,Male,2,Sales Executive,2,Married,4189,No,14,2,5,3,5,2,0
46,No,Travel_Rarely,Research & Development,2,1789,Male,5,Research Director,4,Divorced,19328,Yes,17,1,24,3,2,1,2
36,No,Travel_Rarely,Research & Development,10,1790,Male,3,Healthcare Representative,1,Married,8321,Yes,13,1,15,3,12,8,5
44,Yes,Travel_Frequently,Research & Development,1,1792,Male,1,Research Scientist,2,Divorced,2342,Yes,12,3,6,2,5,3,2
37,No,Travel_Rarely,Human Resources,8,1794,Male,2,Human Resources,2,Divorced,4071,No,13,0,19,2,10,0,4
35,Yes,Travel_Rarely,Sales,27,1797,Male,2,Sales Executive,4,Single,5813,Yes,18,0,10,3,10,7,7
33,No,Travel_Rarely,Research & Development,8,1798,Male,1,Research Scientist,1,Married,3143,No,19,1,14,3,10,8,7
28,No,Travel_Rarely,Research & Development,1,1799,Male,1,Research Scientist,4,Married,2044,No,11,1,5,4,5,3,0
39,No,Travel_Rarely,Research & Development,10,1800,Male,3,Research Director,3,Single,13464,No,21,0,9,3,4,3,2
46,No,Non-Travel,Sales,26,1801,Male,2,Sales Executive,2,Single,7991,No,15,0,6,3,2,2,2
40,No,Travel_Rarely,Research & Development,2,1802,Female,1,Laboratory Technician,1,Married,3377,No,17,1,7,2,4,3,0
42,No,Travel_Rarely,Research & Development,13,1803,Male,2,Healthcare Representative,1,Married,5538,No,18,2,10,2,0,0,0
35,No,Non-Travel,Research & Development,2,1804,Male,2,Manufacturing Director,4,Divorced,5762,No,14,1,15,3,7,7,1
38,No,Non-Travel,Human Resources,2,1805,Male,1,Human Resources,2,Divorced,2592,No,13,3,13,3,11,10,3
34,Yes,Travel_Frequently,Research & Development,9,1807,Male,2,Laboratory Technician,1,Married,5346,No,17,1,11,2,7,1,0
37,Yes,Travel_Rarely,Research & Development,10,1809,Male,2,Manufacturing Director,1,Single,4213,No,15,0,10,1,10,3,0
39,No,Travel_Frequently,Sales,20,1812,Male,2,Sales Executive,4,Divorced,4127,No,18,1,7,3,2,1,2
43,No,Non-Travel,Research & Development,9,1813,Male,1,Research Scientist,3,Single,2438,No,13,0,7,2,3,2,1
41,No,Travel_Rarely,Research & Development,5,1814,Male,2,Healthcare Representative,2,Single,6870,No,12,0,11,1,3,2,1
41,No,Travel_Rarely,Sales,4,1815,Female,3,Sales Executive,3,Divorced,10447,Yes,13,1,23,4,22,14,13
30,No,Travel_Rarely,Research & Development,10,1816,Female,3,Manufacturing Director,3,Single,9667,No,14,0,9,3,7,7,0
26,Yes,Travel_Rarely,Human Resources,20,1818,Female,1,Human Resources,2,Married,2148,Yes,11,0,6,3,5,1,1
46,Yes,Travel_Rarely,Research & Development,21,1821,Female,2,Healthcare Representative,2,Married,8926,No,22,1,13,4,9,7,3
40,No,Travel_Rarely,Research & Development,1,1822,Female,2,Healthcare Representative,4,Divorced,6513,No,17,1,12,3,5,3,0
34,No,Travel_Rarely,Sales,8,1823,Male,2,Sales Executive,3,Married,6799,No,21,2,10,3,10,8,4
58,No,Non-Travel,Sales,2,1824,Male,4,Manager,2,Divorced,16291,No,22,1,37,2,16,9,14
35,No,Travel_Rarely,Research & Development,23,1826,Male,1,Laboratory Technician,3,Married,2705,No,16,1,6,4,5,4,0
47,No,Travel_Rarely,Research & Development,4,1827,Female,3,Manufacturing Director,2,Divorced,10333,Yes,12,1,28,3,22,11,14
40,No,Travel_Rarely,Research & Development,12,1829,Female,2,Healthcare Representative,1,Divorced,4448,No,12,1,15,3,7,4,7
54,No,Travel_Rarely,Research & Development,7,1830,Female,2,Research Scientist,4,Married,6854,No,15,1,14,2,7,1,1
31,No,Travel_Frequently,Sales,7,1833,Female,3,Sales Executive,1,Married,9637,No,14,2,9,3,3,2,2
28,No,Travel_Rarely,Research & Development,1,1834,Female,1,Research Scientist,1,Married,3591,No,25,1,3,3,3,2,1
38,No,Travel_Rarely,Sales,2,1835,Female,2,Sales Representative,4,Married,5405,Yes,20,2,20,2,4,2,0
26,No,Travel_Rarely,Sales,10,1836,Male,2,Sales Executive,4,Single,4684,No,13,0,5,3,5,3,1
58,No,Travel_Frequently,Research & Development,15,1837,Male,4,Research Director,3,Married,15787,Yes,14,0,23,3,2,2,2
18,No,Non-Travel,Research & Development,14,1839,Female,1,Research Scientist,3,Single,1514,No,16,0,0,1,0,0,0
31,Yes,Travel_Rarely,Human Resources,18,1842,Male,1,Human Resources,1,Married,2956,No,17,0,2,3,1,0,0
29,Yes,Travel_Rarely,Human Resources,13,1844,Male,1,Human Resources,1,Divorced,2335,Yes,15,3,4,3,2,2,2
45,No,Non-Travel,Sales,2,1845,Female,2,Sales Executive,3,Married,5154,No,22,2,10,4,8,7,5
36,No,Travel_Rarely,Research & Development,2,1847,Female,2,Research Scientist,2,Married,6962,Yes,22,1,15,3,1,0,0
43,No,Travel_Frequently,Sales,2,1849,Male,2,Sales Executive,4,Married,5675,No,20,1,7,3,7,7,7
27,No,Travel_Frequently,Research & Development,5,1850,Female,1,Laboratory Technician,4,Single,2379,Yes,14,0,6,2,5,4,0
29,No,Travel_Frequently,Research & Development,20,1852,Male,1,Laboratory Technician,4,Married,3812,No,13,0,11,4,11,8,3
32,No,Travel_Frequently,Sales,10,1853,Male,2,Sales Executive,4,Single,4648,No,13,0,4,4,0,0,0
42,No,Non-Travel,Research & Development,10,1854,Male,1,Research Scientist,3,Married,2936,No,22,2,10,2,6,3,3
47,No,Travel_Rarely,Research & Development,9,1856,Female,1,Laboratory Technician,3,Single,2105,No,12,0,7,3,2,2,2
46,No,Travel_Rarely,Research & Development,2,1857,Male,3,Manufacturing Director,4,Divorced,8578,No,14,1,12,2,9,8,4
28,No,Non-Travel,Human Resources,1,1858,Male,1,Human Resources,4,Divorced,2706,No,15,1,3,3,3,2,2
29,No,Travel_Rarely,Research & Development,29,1859,Male,2,Healthcare Representative,3,Divorced,6384,No,17,2,11,3,7,0,1
42,No,Travel_Rarely,Research & Development,8,1860,Male,1,Laboratory Technician,3,Single,3968,No,13,0,8,3,0,0,0
32,Yes,Travel_Rarely,Sales,2,1862,Male,2,Sales Executive,2,Single,9907,Yes,12,0,7,2,2,2,2
46,No,Travel_Rarely,Sales,3,1863,Female,4,Sales Executive,1,Divorced,13225,No,12,1,25,3,19,17,2
27,No,Travel_Rarely,Sales,23,1864,Female,2,Sales Representative,3,Married,3540,No,21,1,9,3,9,8,5
29,No,Travel_Rarely,Human Resources,6,1865,Male,1,Human Resources,2,Married,2804,No,11,0,1,3,1,0,0
43,No,Travel_Rarely,Research & Development,6,1866,Female,5,Manager,3,Married,19392,No,13,0,21,3,16,12,6
48,No,Travel_Rarely,Research & Development,10,1867,Male,5,Research Director,2,Married,19665,No,12,0,29,3,22,10,12
29,Yes,Travel_Frequently,Research & Development,24,1868,Male,1,Research Scientist,4,Single,2439,Yes,24,0,1,2,1,0,1
46,Yes,Travel_Rarely,Sales,10,1869,Female,3,Sales Executive,2,Married,7314,No,21,3,14,3,8,7,0
27,No,Travel_Frequently,Research & Development,15,1870,Female,1,Research Scientist,1,Married,4774,No,19,1,8,2,7,6,7
39,No,Travel_Rarely,Research & Development,19,1871,Male,2,Research Scientist,4,Divorced,3902,No,14,3,7,3,2,2,2
55,No,Travel_Rarely,Research & Development,2,1873,Male,1,Research Scientist,4,Married,2662,No,20,1,19,4,5,2,0
28,No,Travel_Rarely,Sales,3,1875,Female,1,Sales Representative,2,Married,2856,No,19,1,1,3,1,0,0
30,Yes,Travel_Rarely,Sales,9,1876,Male,1,Sales Representative,4,Single,1081,No,13,0,1,2,1,0,0
22,Yes,Travel_Rarely,Research & Development,7,1878,Male,1,Research Scientist,2,Single,2472,Yes,23,0,1,3,1,0,0
36,No,Travel_Rarely,Sales,10,1880,Female,2,Sales Executive,3,Married,5673,Yes,13,1,10,3,10,9,1
31,No,Travel_Rarely,Research & Development,20,1881,Male,2,Laboratory Technician,3,Divorced,4197,No,11,1,10,3,10,8,0
34,No,Travel_Rarely,Sales,4,1882,Male,3,Sales Executive,4,Married,9713,Yes,13,3,9,3,5,3,1
29,No,Travel_Rarely,Research & Development,7,1883,Male,1,Laboratory Technician,1,Single,2062,No,14,0,11,3,3,2,1
37,No,Travel_Rarely,Research & Development,7,1885,Male,2,Research Scientist,1,Married,4284,Yes,22,1,16,3,5,3,0
35,No,Travel_Rarely,Research & Development,16,1886,Female,2,Manufacturing Director,2,Married,4788,Yes,11,0,4,3,3,2,0
45,No,Travel_Rarely,Research & Development,25,1888,Female,2,Manufacturing Director,4,Married,5906,No,13,2,10,2,9,8,3
36,No,Travel_Frequently,Human Resources,2,1890,Male,2,Human Resources,4,Single,3886,No,21,0,10,2,10,1,0
40,No,Travel_Rarely,Research & Development,1,1892,Male,4,Manager,1,Divorced,16823,No,11,1,22,3,19,7,11
26,No,Travel_Rarely,Research & Development,1,1893,Female,1,Research Scientist,3,Married,2933,Yes,13,1,1,2,1,0,1
27,No,Travel_Rarely,Sales,2,1898,Female,2,Sales Executive,3,Single,6500,No,14,0,9,2,8,7,0
48,No,Travel_Frequently,Research & Development,22,1900,Female,4,Manager,4,Divorced,17174,No,11,1,24,3,22,17,4
44,No,Travel_Rarely,Research & Development,1,1903,Male,2,Healthcare Representative,1,Married,5033,No,15,1,10,3,2,0,2
34,Yes,Non-Travel,Research & Development,16,1905,Male,1,Research Scientist,1,Married,2307,Yes,23,1,5,3,5,2,3
56,Yes,Travel_Rarely,Research & Development,24,1907,Male,1,Laboratory Technician,4,Single,2587,No,16,0,5,3,4,2,1
36,No,Travel_Rarely,Sales,17,1908,Male,2,Sales Executive,2,Married,5507,No,16,2,12,1,4,2,1
41,No,Travel_Rarely,Sales,8,1909,Female,2,Sales Executive,2,Married,4393,No,21,1,14,3,5,4,1
42,No,Travel_Rarely,Research & Development,6,1911,Male,3,Research Director,1,Married,13348,No,13,1,18,4,13,7,5
31,No,Travel_Rarely,Sales,10,1912,Female,2,Sales Executive,4,Divorced,6583,Yes,11,1,8,3,5,2,1
34,No,Travel_Rarely,Sales,3,1915,Female,2,Sales Executive,4,Married,8103,Yes,12,0,9,2,4,2,0
31,No,Travel_Rarely,Research & Development,4,1916,Female,1,Laboratory Technician,3,Divorced,3978,No,12,1,4,2,2,2,2
26,No,Travel_Frequently,Research & Development,6,1918,Male,1,Laboratory Technician,4,Married,2544,No,18,1,8,3,7,7,7
45,No,Travel_Frequently,Research & Development,1,1922,Male,2,Healthcare Representative,3,Single,5399,No,12,0,12,3,4,2,0
33,No,Travel_Rarely,Sales,10,1924,Male,2,Sales Executive,3,Single,5487,No,14,0,10,2,10,4,0
28,No,Travel_Frequently,Sales,1,1927,Male,2,Sales Executive,4,Married,6834,Yes,12,1,7,3,7,7,0
29,Yes,Travel_Frequently,Sales,24,1928,Male,1,Sales Representative,1,Single,1091,No,17,0,1,3,1,0,0
39,No,Non-Travel,Sales,21,1929,Female,2,Sales Executive,3,Married,5736,No,19,1,10,3,3,2,1
27,No,Travel_Rarely,Research & Development,2,1931,Male,1,Research Scientist,2,Married,2226,No,11,1,6,2,5,3,1
34,No,Travel_Frequently,Research & Development,22,1932,Male,2,Research Scientist,4,Married,5747,Yes,15,0,16,3,15,10,6
28,Yes,Travel_Rarely,Sales,13,1933,Female,2,Sales Executive,3,Single,9854,Yes,11,0,6,3,2,0,2
47,No,Non-Travel,Research & Development,14,1934,Male,2,Research Scientist,2,Married,5467,No,18,1,16,4,8,7,1
56,No,Travel_Rarely,Sales,11,1935,Female,2,Sales Executive,1,Married,5380,No,16,1,6,3,0,0,0
39,No,Travel_Rarely,Research & Development,9,1936,Male,2,Manufacturing Director,1,Married,5151,No,25,1,10,3,10,0,7
38,No,Travel_Frequently,Research & Development,8,1937,Female,2,Research Scientist,2,Divorced,2133,Yes,16,1,20,3,20,11,0
58,No,Travel_Rarely,Sales,21,1938,Female,4,Manager,4,Married,17875,Yes,13,1,29,2,1,0,0
32,Yes,Travel_Frequently,Research & Development,5,1939,Female,1,Research Scientist,3,Single,2432,Yes,14,0,8,3,4,1,0
38,No,Travel_Rarely,Research & Development,9,1940,Male,1,Research Scientist,4,Divorced,4771,No,19,2,10,4,5,2,0
49,No,Travel_Frequently,Research & Development,2,1941,Male,5,Research Director,4,Married,19161,No,15,0,28,3,5,4,4
42,No,Travel_Rarely,Sales,12,1943,Male,2,Sales Executive,4,Divorced,5087,Yes,12,2,14,3,0,0,0
27,Yes,Travel_Frequently,Human Resources,22,1944,Female,1,Human Resources,2,Married,2863,No,12,0,1,3,1,0,0
35,No,Travel_Rarely,Sales,18,1945,Male,2,Sales Executive,1,Married,5561,No,16,1,6,1,5,3,0
28,No,Non-Travel,Research & Development,16,1947,Male,1,Research Scientist,3,Single,2144,No,14,0,5,2,5,3,1
31,No,Non-Travel,Research & Development,3,1948,Male,1,Research Scientist,1,Divorced,3065,Yes,13,1,4,4,4,2,2
36,No,Non-Travel,Research & Development,9,1949,Male,1,Laboratory Technician,2,Married,2810,No,22,0,5,3,5,4,0
34,No,Travel_Rarely,Sales,1,1950,Male,3,Sales Executive,4,Single,9888,No,21,0,14,2,14,8,2
34,No,Travel_Rarely,Sales,13,1951,Male,3,Sales Executive,3,Divorced,8628,No,18,1,9,2,8,7,1
26,No,Travel_Rarely,Research & Development,1,1952,Male,1,Laboratory Technician,1,Single,2867,No,13,0,8,2,7,7,7
29,No,Travel_Rarely,Research & Development,1,1954,Male,2,Healthcare Representative,1,Married,5373,No,12,1,6,2,5,3,0
32,No,Non-Travel,Research & Development,15,1955,Female,2,Healthcare Representative,4,Divorced,6667,No,18,1,9,3,5,1,1
31,No,Travel_Frequently,Research & Development,1,1956,Male,2,Research Scientist,1,Married,5003,No,21,0,10,3,10,8,8
28,Yes,Travel_Rarely,Research & Development,17,1960,Male,1,Laboratory Technician,4,Divorced,2367,No,12,1,6,2,4,1,0
38,No,Travel_Rarely,Sales,1,1961,Male,1,Sales Representative,1,Single,2858,No,14,0,20,2,1,0,0
35,No,Travel_Rarely,Sales,7,1962,Female,2,Sales Executive,4,Married,5204,Yes,11,0,10,3,10,8,0
27,No,Travel_Rarely,Sales,9,1965,Male,2,Sales Executive,4,Single,4105,No,14,0,7,3,7,7,0
32,No,Travel_Rarely,Research & Development,5,1966,Male,2,Manufacturing Director,4,Single,9679,No,24,0,8,3,1,0,0
31,Yes,Travel_Frequently,Sales,26,1967,Male,2,Sales Executive,4,Married,5617,Yes,11,0,10,3,10,7,0
53,Yes,Travel_Rarely,Sales,24,1968,Male,3,Sales Executive,1,Single,10448,Yes,13,0,15,2,2,2,2
54,No,Travel_Rarely,Research & Development,9,1969,Female,2,Research Scientist,3,Married,2897,No,11,2,9,2,4,3,2
33,No,Travel_Frequently,Research & Development,7,1970,Male,2,Healthcare Representative,3,Divorced,5968,No,20,3,9,3,9,7,2
43,No,Travel_Rarely,Research & Development,11,1971,Male,3,Healthcare Representative,3,Married,7510,No,17,1,10,3,10,9,0
38,No,Travel_Frequently,Human Resources,1,1972,Male,1,Human Resources,2,Married,2991,Yes,11,1,7,3,6,2,1
55,No,Travel_Rarely,Human Resources,26,1973,Male,5,Manager,2,Married,19636,Yes,18,1,35,3,10,9,1
31,No,Travel_Rarely,Research & Development,2,1974,Female,1,Laboratory Technician,4,Divorced,1129,Yes,11,3,1,3,1,0,0
39,No,Travel_Rarely,Sales,15,1975,Male,4,Sales Executive,1,Single,13341,No,12,0,21,3,20,8,11
42,No,Non-Travel,Research & Development,23,1976,Male,2,Research Scientist,3,Single,4332,No,12,0,20,3,20,9,3
31,No,Non-Travel,Research & Development,10,1979,Female,3,Research Director,3,Married,11031,No,20,1,13,4,11,7,4
54,No,Travel_Rarely,Research & Development,10,1980,Female,2,Manufacturing Director,1,Single,4440,Yes,19,0,9,3,5,2,1
24,No,Travel_Rarely,Research & Development,1,1981,Male,2,Healthcare Representative,3,Single,4617,No,12,0,4,2,4,3,1
23,No,Travel_Rarely,Research & Development,12,1982,Male,1,Laboratory Technician,4,Single,2647,No,13,0,5,4,5,2,1
40,No,Travel_Frequently,Research & Development,11,1985,Female,2,Laboratory Technician,3,Married,6323,No,11,1,10,4,10,9,9
40,No,Travel_Rarely,Sales,2,1986,Female,2,Sales Executive,2,Married,5677,No,14,1,15,3,11,8,5
25,No,Travel_Rarely,Human Resources,2,1987,Female,1,Human Resources,2,Married,2187,No,14,0,6,3,2,0,1
30,No,Travel_Rarely,Research & Development,1,1989,Male,1,Laboratory Technician,2,Married,3748,No,13,0,12,2,12,8,1
25,No,Travel_Rarely,Research & Development,2,1992,Male,1,Laboratory Technician,3,Divorced,3977,Yes,19,1,7,2,2,2,0
47,No,Travel_Rarely,Research & Development,25,1993,Male,3,Healthcare Representative,3,Single,8633,No,23,0,25,3,17,14,12
33,No,Non-Travel,Research & Development,1,1994,Male,1,Laboratory Technician,3,Divorced,2008,No,12,3,1,2,1,1,0
38,No,Travel_Rarely,Sales,1,1995,Male,2,Sales Executive,2,Married,4440,No,15,2,16,3,15,13,5
31,No,Travel_Rarely,Sales,2,1996,Male,1,Sales Representative,3,Married,3067,No,19,1,3,3,2,2,1
38,No,Travel_Frequently,Research & Development,6,1997,Male,2,Manufacturing Director,3,Married,5321,No,11,1,10,3,8,3,7
42,No,Travel_Rarely,Research & Development,18,1998,Male,2,Research Scientist,1,Divorced,5410,Yes,17,1,9,2,4,3,1
41,No,Travel_Rarely,Research & Development,1,1999,Male,1,Research Scientist,4,Married,2782,No,22,1,12,3,5,3,1
47,No,Non-Travel,Research & Development,1,2000,Female,3,Research Director,2,Married,11957,No,18,2,14,1,13,8,5
35,No,Travel_Rarely,Research & Development,11,2003,Male,1,Laboratory Technician,3,Married,2660,Yes,11,1,5,3,2,2,2
22,No,Travel_Rarely,Research & Development,1,2007,Male,1,Research Scientist,3,Single,3375,No,12,0,4,4,3,2,1
35,No,Travel_Rarely,Research & Development,9,2008,Male,2,Research Scientist,3,Single,5098,No,19,0,10,3,10,7,0
33,No,Travel_Rarely,Research & Development,15,2009,Female,2,Healthcare Representative,4,Married,4878,Yes,13,1,10,3,9,7,8
32,No,Travel_Rarely,Research & Development,29,2010,Female,1,Laboratory Technician,2,Single,2837,No,13,0,6,3,6,2,4
40,No,Travel_Rarely,Research & Development,1,2012,Male,1,Laboratory Technician,4,Married,2406,No,19,2,8,2,1,0,0
32,No,Travel_Rarely,Sales,1,2013,Male,1,Sales Representative,2,Married,2269,No,14,1,3,3,2,2,2
39,No,Travel_Rarely,Research & Development,24,2014,Male,2,Research Scientist,4,Single,4108,No,13,0,18,3,7,7,1
38,No,Travel_Rarely,Research & Development,10,2015,Female,3,Research Director,3,Married,13206,No,12,1,20,3,18,16,1
32,No,Travel_Rarely,Sales,1,2016,Female,3,Sales Executive,4,Married,10422,No,19,2,14,3,14,10,5
37,No,Travel_Rarely,Research & Development,10,2017,Female,3,Research Director,4,Married,13744,Yes,25,1,16,3,16,11,6
25,No,Travel_Rarely,Sales,8,2018,Female,2,Sales Executive,3,Divorced,4907,Yes,22,1,6,2,5,3,0
52,No,Non-Travel,Sales,29,2019,Male,1,Sales Representative,4,Divorced,3482,No,15,2,16,2,9,8,0
44,No,Travel_Rarely,Research & Development,1,2020,Male,1,Research Scientist,4,Single,2436,Yes,12,0,6,3,4,3,1
21,No,Travel_Rarely,Sales,5,2021,Male,1,Sales Representative,1,Single,2380,Yes,11,0,2,3,2,2,1
39,No,Non-Travel,Research & Development,9,2022,Male,5,Manager,4,Single,19431,No,13,0,21,2,6,0,1
23,Yes,Travel_Frequently,Sales,9,2023,Male,1,Sales Representative,1,Married,1790,No,19,1,1,2,1,0,1
36,No,Travel_Rarely,Sales,3,2024,Female,3,Sales Executive,4,Married,7644,No,19,2,10,3,9,7,3
36,No,Travel_Frequently,Research & Development,4,2025,Female,2,Manufacturing Director,2,Divorced,5131,No,13,3,18,3,4,2,0
56,No,Non-Travel,Research & Development,1,2026,Male,2,Healthcare Representative,3,Divorced,6306,No,21,1,13,2,13,12,1
29,Yes,Travel_Rarely,Research & Development,1,2027,Male,1,Research Scientist,4,Married,4787,Yes,14,3,4,4,2,2,2
42,No,Travel_Rarely,Research & Development,2,2031,Male,5,Manager,3,Married,18880,No,11,0,24,2,22,6,4
56,Yes,Travel_Rarely,Research & Development,7,2032,Male,1,Laboratory Technician,3,Married,2339,No,11,1,14,1,10,9,9
41,No,Travel_Rarely,Research & Development,28,2034,Female,4,Manufacturing Director,2,Married,13570,No,23,1,21,3,20,7,0
34,No,Travel_Rarely,Sales,28,2035,Female,2,Sales Executive,3,Married,6712,No,21,2,8,3,8,7,1
36,No,Non-Travel,Sales,15,2036,Male,2,Sales Executive,4,Divorced,5406,No,24,1,15,2,15,12,11
41,No,Travel_Rarely,Sales,3,2037,Male,2,Sales Executive,2,Divorced,8938,No,11,1,14,3,5,4,0
32,No,Travel_Rarely,Research & Development,2,2038,Male,1,Research Scientist,1,Single,2439,No,14,0,4,3,4,2,1
35,No,Travel_Rarely,Human Resources,26,2040,Female,3,Human Resources,4,Single,8837,Yes,16,0,9,3,9,0,1
38,No,Travel_Rarely,Sales,10,2041,Female,2,Sales Executive,4,Married,5343,No,11,1,10,3,10,7,1
50,Yes,Travel_Frequently,Sales,1,2044,Male,2,Sales Executive,3,Divorced,6728,No,12,2,12,3,6,3,0
36,No,Travel_Rarely,Sales,11,2045,Female,2,Sales Executive,4,Married,6652,No,13,1,8,2,6,3,0
45,No,Travel_Rarely,Sales,20,2046,Female,2,Sales Executive,3,Single,4850,No,15,0,8,3,5,3,0
40,No,Travel_Rarely,Research & Development,2,2048,Male,1,Research Scientist,3,Single,2809,No,14,0,8,3,2,2,2
35,No,Travel_Frequently,Research & Development,18,2049,Male,2,Healthcare Representative,3,Married,5689,Yes,14,2,10,4,10,2,0
40,No,Travel_Rarely,Research & Development,2,2051,Female,1,Research Scientist,3,Married,2001,No,14,3,20,3,5,3,0
35,No,Travel_Rarely,Research & Development,1,2052,Female,1,Research Scientist,4,Married,2977,No,12,1,4,3,4,3,1
29,No,Travel_Rarely,Research & Development,13,2053,Male,2,Laboratory Technician,2,Married,4025,Yes,13,1,10,3,4,3,0
29,No,Travel_Rarely,Research & Development,28,2054,Female,1,Research Scientist,1,Single,3785,No,14,0,5,1,5,4,0
50,Yes,Travel_Rarely,Sales,28,2055,Male,3,Sales Executive,1,Divorced,10854,Yes,13,1,20,3,3,2,2
39,No,Travel_Rarely,Sales,24,2056,Female,4,Sales Executive,4,Married,12031,No,11,1,21,2,20,9,9
31,No,Non-Travel,Research & Development,5,2057,Male,2,Manufacturing Director,1,Single,9936,No,19,0,10,3,9,4,1
26,No,Travel_Rarely,Sales,5,2060,Female,1,Sales Representative,3,Single,2966,No,18,0,5,3,4,2,0
36,No,Travel_Frequently,Research & Development,23,2061,Male,2,Laboratory Technician,4,Married,2571,No,17,1,17,3,5,2,0
39,No,Travel_Rarely,Research & Development,6,2062,Male,3,Healthcare Representative,1,Married,9991,No,15,1,9,3,7,7,1
27,No,Travel_Rarely,Research & Development,4,2064,Male,2,Manufacturing Director,2,Married,6142,Yes,20,1,6,3,6,2,0
49,No,Travel_Frequently,Sales,2,2065,Male,2,Sales Executive,2,Married,5390,No,14,0,17,2,9,6,0
34,No,Travel_Rarely,Research & Development,8,2068,Male,2,Laboratory Technician,3,Married,4404,No,12,0,6,4,4,3,1
